{
    "metadata": {
        "format":"1.2",
        "name":"Paddle",
        "description":"Paddle",
        "version":"1.0",
        "date":"2017-09-06",
        "author":"Seppo Tiainen",
        "info":"Paddle theme for duck lovers."
    },
    "buttonimage": {
        "mainbutton":"mainButtonPaddle.png",
        "middlebutton":"middleButtonBlack.png",
        "centerbutton":"middleButtonBlack.png",
        "leftbarbutton":"middleButtonBlack.png",
        "rightbarbutton":"middleButtonBlack.png",
        "smallbutton":"middleButtonBlack.png.png"
    },
    "buttontext": {
        "mainbuttonforeground":"#000000",
        "middlebuttonforeground":"#aaaaff",
        "smallbuttonforeground":"#6666aa",
        "mainbuttonhelpforeground": "#888888",
        "middlebuttonhelpforeground": "#6666cc"
    },
    "textarea": {
        "backgroundcolor":"#000000",
        "foregroundcolor":"#ffffff",
        "backgroundimage":"backgroundimagePaddle.png",
        "imageopacity": 0.4
    },
    "padarea": {
        "backgroundcolorleft":"transparent",
        "backgroundcolorright":"transparent",
        "themelogo":"themeLogoPaddle.png",
        "themelogoopacity": 0.6
    }
}
