{
    "metadata": {
    	"format":"1.1",
        "name":"Healthy",
        "description":"Healthy",
	"version":"1.01",
	"date":"2018-02-13",
	"author":"Seppo Tiainen",
        "info":"Chocholate bar theme"
    },
    "buttonimage": {
        "mainbutton":"mainButtonHealthy.png",
        "middlebutton":"middleButtonHealthy.png",
        "centerbutton":"centerButtonHealthy.png",
        "leftbarbutton":"centerButtonHealthy.png",
        "rightbarbutton":"centerButtonHealthy.png",
        "smallbutton":"smallButton.png",
        "pressedbutton":"button_pressed_tin.9.png"
    },
    "textarea": {
	"backgroundcolor":"#110000",
        "foregroundcolor":"white",
	"backgroundimage":"backgroundimage.png",
	"imageopacity": 0.24
    }	
}
