{
    "metadata": {
    	"format":"1.0",
        "name":"Basic",
        "description":"Basic",
    "version":"1.3",
    "date":"2020-04-16",
	"author":"Seppo Tiainen",
        "info":"A very modest theme"
    },
    "buttonimage": {
        "mainbutton":"mainButtonGrey.png",
        "middlebutton":"middlebuttonbasic.png",
        "centerbutton":"middlebuttonbasic.png",
        "leftbarbutton":"middlebuttonbasic.png",
        "rightbarbutton":"middlebuttonbasic.png",
        "smallbutton":"smallButton.png"
    },
    "textarea": {
    "backgroundcolor":"darkgrey",
        "foregroundcolor":"white",
	"backgroundimage":"background.png",
	"imageopacity": 0.3
    }	
}
