{"metadata":{

"format":"10",
"iso6391":"raj",
"name":"Rajasthani",
"description":"Rajasthani",
"group":"Optimized",
"version":"5.0",
"author":"Seppo Tiainen",
"info":"  -  The ComboKey keymap for Rajasthani  (from format 10 and version 5.0 up)  -  Last modified 2018-03-14 at 02:14",
"extra":[

"-",
"dev",
"-",
"-",
"-",
"-",
"-",
"-",
"-",
"-",
"-",
"-",
"-",
"-",
"-",
"-",
"-"]},

"lowercase":{

"map":[

"Pressed key = [X]. Clear from template = []. Three keypad colums: Left Center Right x 15",

 "\u0905", "\u091a", "\u0909", "\u0915",

 "\u0913", "\u091f", "_BS", "\u092f", " ", 
"...", "\u0907", "\u0924", "\u090f", "\u092a", 
"\u090b", "[X]", "", "", "", 

"", "\u0934", "_", "\u00e5", "\u02c6", 
"\u00a8", "_Up", "\u0925", "\u0906", "\u092b", 
"\u0960", "", "[X]", "", "", 

"", "\u02c6", "_SYMB", "", "", 
"", "\u091b", "\u091e", "\u091c", "\u092e", 
"\u091d", "", "", "[X]", "", 

"_Left", "\u00fc", "\u00b4", "\u0927", ":", 
"", "\u0908", "\u0926", "_Shift", "\u092c", 
"\u090a", "", "", "", "[X]", 

"", "\u00df", "", "", "", 
"", "\u0916", "\u0928", "\u0917", "\u0919", 
"\u0918", "", "", "_Left", "", 

"[X]", "\u00f6", "|", "y", ";", 
"", "\u0914", "\u0927", "\u0910", "\u092d", 
"_Down", "\u0934", "\u02c6", "\u00fc", "\u00df", 

"\u00f6", "[X]", "_ShiftDown", "_User", "", 
"", "\u0920", "\u0923", "\u0921", "\u095c", 
"\u0922", "_Received", "_Clear", "_Translate", "_Esc", 

"_Search", "_Shift", "[X]", "_Lang", "_abc123", 
"_Ctrl", "_Send", "_Del", "_Copy", "_Alt", 
"_Paste", "\u00e5", "", "\u0927", "", 

"y", "_User", "_abc123", "[X]", "", 
"", "\u0930", "\u0934", "\u0932", "\u0933", 
"\u0935", "_WLeft", "_SYMB", "_Tab", "_Left", 

"_Home", "_Keyboard", "_abc123", "_Up", "[X]", 
"_Down", "_WRight", "_Emoji", "_Enter", "_Right", 
"_End", "\u0964", "\u0903", "\u0936", "\u094d", 

"\u0938", "\u093d", "\u25cc\u0951", "\u25cc\u0952", "\u093c", 
"", "\u0965", "\u0970", "\u0937", ".", 
"\u0939", "_Up", "\u091b", "\u0908", "\u0916", 

"\u0914", "\u0920", "\"", "\u0930", "\u02c7", 
"", "[X]", "", "", "", 
"", "\u0925", "\u091e", "\u0926", "\u0928", 

"\u0927", "\u0923", "_Emoji", "\u0934", "", 
"", "", "[X]", "", "", 
"", "\u0906", "\u091c", "_Shift", "\u0917", 

"\u0910", "\u0921", "`", "\u0932", ";", 
"", "", "", "[X]", "", 
"_Right", "\u092b", "\u092e", "\u092c", "\u0919", 

"\u092d", "\u095c", "", "\u0933", "", 
"", "", "", "", "[X]", 
"", "\u0960", "\u091d", "\u090a", "\u0918", 

"_Down", "\u0922", "~", "\u0935", ":", 
"", "", "", "_Right", "", 
"[X]", "\u0935\u0930\u094d\u0923", ""]},

"uppercase":{

"map":[

"Pressed key = [X]. ree keypad colums: Left Center Ri x 15",

 "\u0901", "\u0915\u094d\u0937", "\u0953", "\u091c\u094d\u091e", "\u0962", 
"\u090c", "_BS", "\u0950", " ", "...", 
"\u0902", "\u0924\u094d\u0930", "\u0946", "\u0936\u094d\u0930", "\u094a", 

"[X]", "", "", "", "", 
"_Ins", "-", "\u00c5", "\u02c6", "\u00a8", 
"_Up", "", "\u0945", "", "\u0949", 

"", "[X]", "", "", "", 
"", "_SYMB", "", "", "", 
"", "_PgUp", "", "`", "", 

"", "", "[X]", "", "_Left", 
"\u00dc", "\u00b4", "", ".", "", 
"\u0954", "", "_Shift", "", ".", 

"", "", "", "[X]", "", 
"\u00df", "", "", "", "", 
"", "\u00b4", "", "_PgDn", "", 

"", "", "_Left", "", "[X]", 
"\u00d6", "|", "Y", ",", "", 
"\u0963", "", "\u0970", "", "_Down", 

"_Ins", "\u02c6", "\u00dc", "\u00df", "\u00d6", 
"[X]", "_ShiftDown", "_User", "", "", 
"\u0961", "", "", "", "", 

"_Received", "_Clear", "_Translate", "_Esc", "_Search", 
"_Shift", "[X]", "_Lang", "_abc123", "_Ctrl", 
"_Send", "_Del", "_Copy", "_Alt", "_Paste", 

"\u00c5", "", "", "", "Y", 
"_User", "_abc123", "[X]", "", "", 
"", "_Ins", "", "", "", 

"_WLeft", "_SYMB", "_Tab", "_Left", "_Home", 
"_Keyboard", "_abc123", "_Up", "[X]", "_Down", 
"_WRight", "_Emoji", "_Enter", "_Right", "_End", 

"\u0964", "\u0903", "\u0936", "\u094d", "\u0938", 
"\u093d", "\u25cc\u0951", "\u25cc\u0952", "\u093c", "", 
"\u0965", "\u0970", "\u0937", ".", "\u0939", 

"_Up", "", "\u0954", "", "\u0963", 
"\u0961", "'", "", "\u02c7", "", 
"[X]", "", "", "", "", 

"", "_PgUp", "", "\u00b4", "", 
"", "_Emoji", "_Ins", "", "", 
"", "[X]", "", "", "", 

"\u0945", "", "_Shift", "", "\u0970", 
"", "`", "", ",", "", 
"", "", "[X]", "", "_Right", 

"", "`", "", "_PgDn", "", 
"", "", "", "", "", 
"", "", "", "[X]", "", 

"\u0949", "", ".", "", "_Down", 
"", "~", "", ".", "", 
"", "", "_Right", "", "[X]", 

"\u0905\u0928\u094d\u092f", ""]},

"capslock":{

"map":[

"Pressed key = [X]. Three keypad colums: Left Center Right x 15",

 "\u093e", "\u091a", "\u0941", "\u0915",

 "\u094b", "\u091f", "_BS", "\u092f", " ", 
"...", "\u093f", "\u0924", "\u0947", "\u092a", 
"\u0943", "[X]", "", "", "", 

"", "\u0934", "_", "\u00c5", "\u02c6", 
"\u00a8", "_Up", "\u0925", "\u094d", "\u092b", 
"\u0944", "", "[X]", "", "", 

"", "", "_SYMB", "", "", 
"", "\u091b", "\u091e", "\u091c", "\u092e", 
"\u091d", "", "", "[X]", "", 

"_Left", "\u00dc", "\u00b4", "\u0927", ":", 
"", "\u0940", "\u0926", "_Shift", "\u092c", 
"\u0942", "", "", "", "[X]", 

"", "\u00df", "", "", "", 
"", "\u0916", "\u0928", "\u0917", "\u0919", 
"\u0918", "", "", "_Left", "", 

"[X]", "\u00d6", "|", "Y", ";", 
"", "\u094c", "\u0927", "\u0948", "\u092d", 
"_Down", "\u0934", "\u02c6", "\u00dc", "\u00df", 

"\u00d6", "[X]", "_ShiftDown", "_User", "", 
"", "\u0920", "\u0923", "\u0921", "\u095d", 
"\u0922", "_Received", "_Clear", "_Translate", "_Esc", 

"_Search", "_Shift", "[X]", "_Lang", "_abc123", 
"_Ctrl", "_Send", "_Del", "_Copy", "_Alt", 
"_Paste", "\u00c5", "", "\u0927", "", 

"Y", "_User", "_abc123", "[X]", "", 
"", "\u0930", "\u0934", "\u0932", "\u0933", 
"\u0935", "_WLeft", "_SYMB", "_Tab", "_Left", 

"_Home", "_Keyboard", "_abc123", "_Up", "[X]", 
"_Down", "_WRight", "_Emoji", "_Enter", "_Right", 
"_End", "\u0964", "\u0903", "\u0936", "\u094d", 

"\u0938", "\u093d", "\u25cc\u0951", "\u25cc\u0952", "\u093c", 
"", "\u0965", "\u0970", "\u0937", ".", 
"\u0939", "_Up", "\u091b", "\u0940", "\u0916", 

"\u094c", "\u0920", "\"", "\u0930", "\u02c7", 
"", "[X]", "", "", "", 
"", "\u0925", "\u091e", "\u0926", "\u0928", 

"\u0927", "\u0923", "_Emoji", "\u0934", "", 
"", "", "[X]", "", "", 
"", "\u094d", "\u091c", "_Shift", "\u0917", 

"\u0948", "\u0921", "`", "\u0932", ";", 
"", "", "", "[X]", "", 
"_Right", "\u092b", "\u092e", "\u092c", "\u0919", 

"\u092d", "\u095d", "", "\u0933", "", 
"", "", "", "", "[X]", 
"", "\u0944", "\u091d", "\u0942", "\u0918", 

"_Down", "\u0922", "~", "\u0935", ":", 
"", "", "", "_Right", "", 
"[X]", "\u0935\u0930\u094d\u0923\u0968", ""]},

"numbers":{

"map":[

"Pressed key = [X]. Three keypad colums: Left Center Right x 15",

 "\u0967", "+", "\u096a", "*", "\u096d", 
"\u0968", "_BS", "\u096b", " ", "\u096e", 
"\u0969", "\u0966", "\u096c", "#", "\u096f", 

"[X]", "", "", "", "", 
"", "_", "\u2030", " ", "&", 
"_Up", "\u2030", "-", "&", "?", 

"", "[X]", "", "", "", 
"", "_SYMB", "\u00b0", "", "+", 
"%", "_PgUp", "=", "\\", "^", 

"", "", "[X]", "", "_Left", 
"", "\"", "", ":", "/", 
"'", "\u00ae", "_Shift", "@", ".", 

"", "", "", "[X]", "", 
"", "", "\u00a7", "", "*", 
"$", "/", "\u20ac", "_PgDn", "\u00a3", 

"", "", "_Left", "", "[X]", 
"", "", "<", ";", "(", 
"!", "\u00a9", ",", "\u00bd", "_Down", 

"[", "\u00ab", "{", "\u00a7", "<", 
"[X]", "_ShiftDown", "_User", "", "", 
"]", "~", "}", "\u00b5", ">", 

"_Call", "_Clear", "_Translate", "_Esc", "_Search", 
"_Shift", "[X]", "_Lang", "_abc123", "_Ctrl", 
"_Launch", "_Del", "_Copy", "_Alt", "_Paste", 

"\u2030", "\u00b0", "{", "\u00a7", "<", 
"_User", "_abc123", "[X]", "", "", 
"%", "~", "}", "\u00b5", ">", 

"_WLeft", "_SYMB", "_Tab", "_Left", "_Home", 
"_Keyboard", "_abc123", "_Up", "[X]", "_Down", 
"_WRight", "_Emoji", "_Enter", "_Right", "_End", 

"&", "+", "/", "*", "(", 
"$", "\u00a3", "\u20ac", ":", "[X]", 
"%", "=", "@", "#", ")", 

"_Up", "%", "'", "$", "!", 
"", "\"", "%", "", "%", 
"[X]", "", "", "", "", 

"\u2030", "_PgUp", "\u00ae", "/", "\u00a9", 
"", "_Emoji", "", "", "=", 
"", "[X]", "", "", "", 

"-", "=", "_Shift", "\u20ac", ",", 
">", "_", "}", ";", "@", 
"", "", "[X]", "", "_Right", 

"\u00bd", "\\", "@", "_PgDn", "&", 
"\u00b5", "", "", "", "#", 
"", "", "", "[X]", "", 

"?", "^", ".", "\u00a3", "_Down", 
"", "~", ">", ":", ")", 
"", "", "_Right", "", "[X]", 

"\u0967\u0968\u0969", ""]},

"symbols":{

"map":[

"Pressed key = [X]. Three keypad colums: Left Center Right x 15",

 "1", "+", "4", "*", "7", 
"2", "_BS", "5", " ", "8", 
"3", "0", "6", "#", "9", 

"[X]", "", "", "", "", 
"", "-", "\u2030", " ", "&", 
"_Up", "\u2030", "\u00bb", "&", "~", 

"", "[X]", "", "", "", 
"", "_SYMB", "\u00b0", "", "+", 
"%", "_PgUp", "=", "\\", "^", 

"", "", "[X]", "", "_Left", 
"", "'", "", ".", "/", 
"\u00ab", "\u00ae", "_Shift", "@", ":", 

"", "", "", "[X]", "", 
"", "", "\u00a7", "", "*", 
"$", "/", "\u20ac", "_PgDn", "\u00a3", 

"", "", "_Left", "", "[X]", 
"", "", "<", ",", "(", 
"|", "\u00a9", ";", "\u00bd", "_Down", 

"[", "\u00ab", "{", "\u00a7", "<", 
"[X]", "_Shift", "_User", "", "", 
"]", "~", "}", "\u00b5", ">", 

"_Received", "_Clear", "_Translate", "_Esc", "_Search", 
"_Shift", "[X]", "_Lang", "_abc123", "_Ctrl", 
"_Launch", "_Del", "_Copy", "_Alt", "_Paste", 

"\u2030", "\u00b0", "{", "\u00a7", "<", 
"_User", "_abc123", "[X]", "", "", 
"%", "~", "}", "\u00b5", ">", 

"_WLeft", "_SYMB", "_Tab", "_Left", "_Home", 
"_Keyboard", "_abc123", "_Up", "[X]", "_Down", 
"_WRight", "_Emoji", "_Enter", "_Right", "_End", 

"[", "\u00ab", "{", "", "<", 
"\u00a4", "|", "", "", "[X]", 
"]", "\u00bb", "}", "", ">", 

"_Up", "%", "\u00ab", "$", "|", 
"", "'", "%", "", "%", 
"[X]", "", "", "", "", 

"\u2030", "_PgUp", "\u00ae", "/", "\u00a9", 
"", "_Emoji", "", "", "=", 
"", "[X]", "", "", "", 

"\u00bb", "=", "_Shift", "\u20ac", ";", 
">", "-", "}", ",", "@", 
"", "", "[X]", "", "_Right", 

"&", "\\", "@", "_PgDn", "\u00bd", 
"\u00b5", "", "", "", "#", 
"", "", "", "[X]", "", 

"~", "^", ":", "\u00a3", "_Down", 
"", "~", ">", ".", ")", 
"", "", "_Right", "", "[X]", 

"#@", ""]},

"emojis":{

"map":[

"Pressed key = [X]. Three keypad colums: Left Center Right x 15",

 "\ud83c\udd97", "\u2665", "", "\ud83d\udc4d", "\ud83c\udfb9", 
"\ud83d\ude41", "_abc123", "\ud83d\ude42", "", "\ud83d\ude10", 
"\u260e", "\ud83c\udf82", "\u2708\ufe0f", "\ud83d\udc36", "\u26bd", 

"[X]", "", "", "", "", 
"", "", "", "", "", 
"", "", "", "", "", 

"\ud83c\udf29\ufe0f", "[X]", "\u2614", "\ud83c\udf39", "\ud83d\udc90", 
"\ud83d\udc83", "\ud83d\udd76", "\ud83c\udf02", "\ud83c\udf24\ufe0f", "\ud83d\udcab", 
"\ud83d\ude18", "\ud83d\udc8b", "\u2600\ufe0f\ufe0f", "\ud83d\udc8f", "\u2764\ufe0f", 

"", "", "[X]", "", "", 
"", "", "", "", "", 
"", "", "", "", "", 

"\ud83e\udd19", "\ud83d\udc46", "\ud83d\udc4c", "[X]", "\ud83d\udc4e", 
"\u261d\ufe0f", "\u270d\ufe0f", "\ud83d\udcaa", "\ud83d\udd90\ufe0f", "\ud83e\udd1d", 
"\ud83d\udc4c", "\ud83d\udc4f", "\u270c\ufe0f", "\u270b", "\ud83d\udc4b\ufe0f", 

"\ud83c\udf99", "\ud83c\udfa4", "\ud83c\udf9b", "\u2669", "[X]", 
"\u266a", "\ud83c\udfb6", "\u266b", "\ud83c\udfbc", "\u266c", 
"\ud83c\udfb8", "\ud83e\udd41", "\ud83c\udfb7", "\ud83c\udfba", "\ud83c\udfbb", 

"\ud83d\ude32", "\ud83d\ude35", "\ud83d\ude1f", "\ud83d\ude13", "\ud83d\ude16", 
"[X]", "", "", "", "", 
"\ud83d\ude1e", "\ud83d\ude16", "\ud83d\ude22", "\ud83d\ude27", "\ud83d\ude20", 

"", "", "", "", "", 
"", "[X]", "", "", "", 
"", "", "", "", "", 

"\ud83d\ude0b", "\ud83d\ude0e", "\ud83d\ude09", "\ud83d\ude04", "\ud83d\ude00", 
"_User", "_abc123", "[X]", "", "", 
"\ud83d\ude1b", "", "", "", "", 

"", "", "", "", "", 
"", "", "", "[X]", "", 
"", "", "", "", "", 

":-)", "\ud83d\ude48", "\ud83d\udcd6", "\u2764\ufe0f", "\ud83d\ude0a", 
"\ud83d\ude98", "\ud83d\ude4a", "\ud83d\udcb5", "\ud83e\udd14", "...", 
"\u26f1\ufe0f", "\ud83d\ude49", "\ud83d\udc8e", "\ud83d\udd2c", "\ud83d\ude0d", 

"\ud83d\udc88", "\ud83c\udfa7", "\ud83d\udcfd\ufe0f", "\ud83d\udcf7", "\ud83d\udca1", 
"\ud83d\udcfa", "\ud83d\udcf1", "\ud83d\udcbb", "\ud83d\udcfb", "\ud83d\udce2", 
"[X]", "\ud83d\udcfe", "\ud83d\udda8", "\ud83d\udd26", "\ud83d\udd0b", 

"\ud83c\udf75", "\ud83c\udf7b", "\ud83c\udf77", "\ud83c\udf79", "\ud83c\udf78", 
"\ud83e\udd42", "\ud83c\udf7e", "\ud83c\udf7c", "\ud83c\udf7d\ufe0f", "\ud83c\udf68", 
"\ud83c\udf70", "[X]", "\ud83c\udf7f", "\ud83c\udf69", "\ud83e\udd5b", 

"\u26f4\ufe0f", "\ud83d\ude81", "\ud83d\ude8b", "\ud83d\ude82", "\ud83d\ude97", 
"\ud83d\ude8c", "\ud83d\udeb2", "\ud83d\ude9c", "\u26f5", "\ud83d\uddfa\ufe0f", 
"\ud83c\udfdd\ufe0f", "\ud83c\udfd6\ufe0f", "[X]", "\ud83d\uddfd", "\ud83c\udfd4\ufe0f", 

"\ud83d\udc31", "\ud83d\udc0e", "\ud83d\udc25", "\ud83d\udc2f", "\ud83d\udc1d", 
"\ud83d\udc27", "\ud83d\udc15",

 "\ud83d\udc22", "\ud83e\udd89", "\ud83d\udc0c", "\ud83d\udc08", "\ud83d\udc3c", 
"\ud83d\udc27", "[X]", "\ud83d\udc37", "\ud83d\udeb4", "\ud83c\udfc7", 
"\u26f7\ufe0f", "\ud83c\udfca", "\ud83c\udfcc\ufe0f", "\u26f8\ufe0f", "\ud83c\udfc3", 

"\ud83c\udfbf", "\ud83c\udfd2", "\ud83c\udfc6", "\ud83c\udfbe", "\u26be", 
"\ud83c\udfc8", "\ud83c\udfc0", "[X]", ":)", ""]}}

