{"metadata":{

"format":"10",
"iso6391":"cs",
"name":"Czech",
"description":"\u010de\u0161tina",
"group":"Optimized",
"version":"5.1",
"author":"Seppo Tiainen",
"info":"  -  The ComboKey keymap for Czech  (from format 10 and version 5.0 up)  -  Last modified 2020-09-25 at 10:50",
"extra":[

"-",
"-",
"cs",
"CZ",
"Czech Republic",
"\u010cesk\u00e1 republika",
"-",
"-",
"-",
"-",
"-",
"-",
"-",
"-",
"-",
"-",
"-"]},

"lowercase":{

"map":[

"Pressed key = [X]. Clear from template = []. Three keypad colums: Left Center Right x 15",

 "a", "o", "u", "s", "k", 
"d", "_BS", "l", " ", "m", 
"i", "t", "e", "n", "r", 

"[X]", "", "", "", "", 
"\u00e1", "_", "\u00e4", "\u02c6", "\u00a8", 
"_Up", "h", "-", "\u00e1", "?", 

"", "[X]", "", "", "", 
"\u00f3", "_SYMB", "\u00f4", "", "ch", 
"p", "_PgUp", "f", "\\", "q", 

"", "", "[X]", "", "_Left", 
"\u016f", "\u00b4", "j", ":", "\u00fa", 
"'", "g", "_Shift", "b", ".", 

"", "", "", "[X]", "", 
"d\u017e", "", "\u00fd", "\u0161", "dz", 
"\u0161", "/", "w", "_PgDn", "v", 

"", "", "_Left", "", "[X]", 
"\u00ed", "|", "y", ";", "\u010d", 
"!", "j", ",", "c", "_Down", 

"\u00e1", "\u00f3", "\u016f", "d\u017e", "\u00ed", 
"[X]", "_Fn", "_ShiftDown", "_Settings", "_Hide", 
"\u00ed", "\u010f", "\u011b", "\u0148", "\u017e", 

"_Record", "_Clear", "_Translate", "_Esc", "_Search", 
"_Shift", "[X]", "_Lang", "_abc123", "_Ctrl", 
"_Play", "_Del", "_Copy", "_Alt", "_Paste", 

"\u00e4", "\u00f4", "j", "\u00fd", "y", 
"_Shift", "_abc123", "[X]", "_Repeat", "_User", 
"x", "\u0165", "y", "\u017e", "z", 

"_WLeft", "_SYMB", "_Tab", "_Left", "_Home", 
"_Keyboard", "_abc123", "_Up", "[X]", "_Down", 
"_WRight", "_Emoji", "_Enter", "_Right", "_End", 

"&", "+", "/", "*", "(", 
"$", "\u00a3", "\u20ac", ":", "[X]", 
"%", "=", "@", "#", ")", 

"_Up", "p", "'", "\u0161", "!", 
"\u00ed", "\"", "x", "\u02c7", "\u013e", 
"[X]", "", "", "", "", 

"h", "_PgUp", "g", "/", "j", 
"\u010f", "_Emoji", "\u0165", "", "\u013a", 
"", "[X]", "", "", "", 

"-", "f", "_Shift", "w", ",", 
"\u011b", "`", "y", ";", "\u00e9", 
"", "", "[X]", "", "_Right", 

"\u00e1", "\\", "b", "_PgDn", "c", 
"\u0148", "", "\u017e", "\u0148", ".com", 
"", "", "", "[X]", "", 

"?", "q", ".", "v", "_Down", 
"\u017e", "~", "z", ":", "\u0159", 
"", "", "_Right", "", "[X]", 

"abc", ""]},

"uppercase":{

"map":[

"Pressed key = [X]. ree keypad colums: Left Center Ri x 15",

 "A", "O", "U", "S", "K", 
"D", "_BS", "L", " ", "M", 
"I", "T", "E", "N", "R", 

"[X]", "", "", "", "", 
"\u00c1", "-", "\u00c4", "\u02c6", "\u00a8", 
"_Up", "H", "_", "\u00c1", "~", 

"", "[X]", "", "", "", 
"\u00d3", "_SYMB", "\u00d4", "", "Ch", 
"P", "_PgUp", "F", "`", "Q", 

"", "", "[X]", "", "_Left", 
"\u016e", "\u00b4", "J", ".", "\u00da", 
"\"", "G", "_Shift", "B", ":", 

"", "", "", "[X]", "", 
"D\u017e", "", "\u00dd", "\u0160", "Dz", 
"\u0160", "\u00b4", "W", "_PgDn", "V", 

"", "", "_Left", "", "[X]", 
"\u00cd", "|", "Y", ",", "\u010c", 
"|", "J", ";", "C", "_Down", 

"\u00c1", "\u00d3", "\u016e", "D\u017e", "\u00cd", 
"[X]", "_Fn", "_ShiftDown", "_Settings", "_Hide", 
"\u00cd", "\u010e", "\u011a", "\u0143", "\u017d", 

"_Record", "_Clear", "_Translate", "_Esc", "_Search", 
"_Shift", "[X]", "_Lang", "_abc123", "_Ctrl", 
"_Play", "_Del", "_Copy", "_Alt", "_Paste", 

"\u00c4", "\u00d4", "J", "\u00dd", "Y", 
"_Shift", "_abc123", "[X]", "_Repeat", "_User", 
"X", "\u0164", "Y", "\u017d", "Z", 

"_WLeft", "_SYMB", "_Tab", "_Left", "_Home", 
"_Keyboard", "_abc123", "_Up", "[X]", "_Down", 
"_WRight", "_Emoji", "_Enter", "_Right", "_End", 

"&", "+", "/", "*", "(", 
"$", "\u00a3", "\u20ac", ":", "[X]", 
"%", "=", "@", "#", ")", 

"_Up", "P", "\"", "\u0160", "|", 
"\u00cd", "'", "X", "\u02c7", "\u013d", 
"[X]", "", "", "", "", 

"H", "_PgUp", "G", "\u00b4", "J", 
"\u010e", "_Emoji", "\u0164", "", "\u0139", 
"", "[X]", "", "", "", 

"_", "F", "_Shift", "W", ";", 
"\u011a", "`", "Y", ",", "\u00c9", 
"", "", "[X]", "", "_Right", 

"\u00c1", "`", "B", "_PgDn", "C", 
"\u0143", "", "\u017d", "\u0143", ".com", 
"", "", "", "[X]", "", 

"~", "Q", ":", "V", "_Down", 
"\u017d", "~", "Z", ".", "\u0158", 
"", "", "_Right", "", "[X]", 

"Abc", ""]},

"capslock":{

"map":[

"Pressed key = [X]. Three keypad colums: Left Center Right x 15",

 "A", "O", "U", "S", "K", 
"D", "_BS", "L", " ", "M", 
"I", "T", "E", "N", "R", 

"[X]", "", "", "", "", 
"\u00c1", "_", "\u00c4", "\u02c6", "\u00a8", 
"_Up", "H", "-", "\u00c1", "?", 

"", "[X]", "", "", "", 
"\u00d3", "_SYMB", "\u00d4", "", "CH", 
"P", "_PgUp", "F", "\\", "Q", 

"", "", "[X]", "", "_Left", 
"\u016e", "\u00b4", "J", ":", "\u00da", 
"'", "G", "_Shift", "B", ".", 

"", "", "", "[X]", "", 
"D\u017d", "", "\u00dd", "\u0160", "DZ", 
"\u0160", "/", "W", "_PgDn", "V", 

"", "", "_Left", "", "[X]", 
"\u00cd", "|", "Y", ";", "\u010c", 
"!", "J", ",", "C", "_Down", 

"\u00c1", "\u00d3", "\u016e", "D\u017d", "\u00cd", 
"[X]", "_Fn", "_ShiftDown", "_Settings", "_Hide", 
"\u00cd", "\u010e", "\u011a", "\u0143", "\u017d", 

"_Record", "_Clear", "_Translate", "_Esc", "_Search", 
"_Shift", "[X]", "_Lang", "_abc123", "_Ctrl", 
"_Play", "_Del", "_Copy", "_Alt", "_Paste", 

"\u00c4", "\u00d4", "J", "\u00dd", "Y", 
"_Shift", "_abc123", "[X]", "_Repeat", "_User", 
"X", "\u0164", "Y", "\u017d", "Z", 

"_WLeft", "_SYMB", "_Tab", "_Left", "_Home", 
"_Keyboard", "_abc123", "_Up", "[X]", "_Down", 
"_WRight", "_Emoji", "_Enter", "_Right", "_End", 

"&", "+", "/", "*", "(", 
"$", "\u00a3", "\u20ac", ":", "[X]", 
"%", "=", "@", "#", ")", 

"_Up", "P", "'", "\u0160", "!", 
"\u00cd", "\"", "X", "\u02c7", "\u013d", 
"[X]", "", "", "", "", 

"H", "_PgUp", "G", "/", "J", 
"\u010e", "_Emoji", "\u0164", "", "\u0139", 
"", "[X]", "", "", "", 

"-", "F", "_Shift", "W", ",", 
"\u011a", "`", "Y", ";", "\u00c9", 
"", "", "[X]", "", "_Right", 

"\u00c1", "\\", "B", "_PgDn", "C", 
"\u0143", "", "\u017d", "\u0143", ".COM", 
"", "", "", "[X]", "", 

"?", "Q", ".", "V", "_Down", 
"\u017d", "~", "Z", ":", "\u0158", 
"", "", "_Right", "", "[X]", 

"ABC", ""]},

"numbers":{

"map":[

"Pressed key = [X]. Three keypad colums: Left Center Right x 15",

 "1", "+", "4", "*", "7", 
"2", "_BS", "5", " ", "8", 
"3", "0", "6", "#", "9", 

"[X]", "", "", "", "", 
"\u2013", "_", "\u2030", " ", "&", 
"_Up", "\u2030", "-", "&", "?", 

"", "[X]", "", "", "", 
"", "_SYMB", "\u00b0", "", "+", 
"%", "_PgUp", "=", "\\", "^", 

"", "", "[X]", "", "_Left", 
"", "\"", "", ":", "/", 
"'", "\u00ae", "_Shift", "@", ".", 

"", "", "", "[X]", "", 
"", "", "\u00a7", "", "*", 
"$", "/", "\u20ac", "_PgDn", "\u00a3", 

"", "", "_Left", "", "[X]", 
"", "", "<", ";", "(", 
"!", "\u00a9", ",", "\u00bd", "_Down", 

"[", "<", "{", "\u00ab", "\u00a7", 
"[X]", "_Fn", "_ShiftDown", "_Settings", "_Hide", 
"]", ">", "}", "\u00bb", "\u00b5", 

"_Call", "_Clear", "_Translate", "_Esc", "_Search", 
"_Shift", "[X]", "_Lang", "_abc123", "_Ctrl", 
"_Play", "_Del", "_Copy", "_Alt", "_Paste", 

"\u2030", "\u00b0", "{", "\u00a7", "<", 
"_Shift", "_abc123", "[X]", "_Repeat", "_User", 
"%", "~", "}", "\u00b5", ">", 

"_WLeft", "_SYMB", "_Tab", "_Left", "_Home", 
"_Keyboard", "_abc123", "_Up", "[X]", "_Down", 
"_WRight", "_Emoji", "_Enter", "_Right", "_End", 

"&", "+", "/", "*", "(", 
"$", "\u00a3", "\u20ac", ":", "[X]", 
"%", "=", "@", "#", ")", 

"_Up", "%", "'", "$", "!", 
"", "\"", "%", "", "%", 
"[X]", "", "", "", "", 

"\u2030", "_PgUp", "\u00ae", "/", "\u00a9", 
"", "_Emoji", "", "", "=", 
"", "[X]", "", "", "", 

"-", "=", "_Shift", "\u20ac", ",", 
"", "_", "}", ";", "@", 
"", "", "[X]", "", "_Right", 

"&", "\\", "@", "_PgDn", "\u00bd", 
"\u00b5", "", "", "", "#", 
"", "", "", "[X]", "", 

"?", "^", ".", "\u00a3", "_Down", 
"", "~", ">", ":", ")", 
"", "", "_Right", "", "[X]", 

"123", ""]},

"symbols":{

"map":[

"Pressed key = [X]. Three keypad colums: Left Center Right x 15",

 "1", "+", "4", "*", "7", 
"2", "_BS", "5", " ", "8", 
"3", "0", "6", "#", "9", 

"[X]", "", "", "", "", 
"\u2013", "-", "\u2030", " ", "&", 
"_Up", "\u2030", "_", "&", "~", 

"", "[X]", "", "", "", 
"", "_SYMB", "\u00b0", "", "+", 
"%", "_PgUp", "=", "\\", "^", 

"", "", "[X]", "", "_Left", 
"", "'", "", ".", "/", 
"\"", "\u00ae", "_Shift", "@", ":", 

"", "", "", "[X]", "", 
"", "", "\u00a7", "", "*", 
"$", "/", "\u20ac", "_PgDn", "\u00a3", 

"", "", "_Left", "", "[X]", 
"", "", "<", ",", "(", 
"|", "\u00a9", ";", "\u00bd", "_Down", 

"[", "<", "{", "\u00ab", "(", 
"[X]", "_Fn", "_ShiftDown", "_Settings", "_Hide", 
"]", ">", "}", "\u00bb", ")", 

"_Record", "_Clear", "_Translate", "_Esc", "_Search", 
"_Shift", "[X]", "_Lang", "_abc123", "_Ctrl", 
"_Play", "_Del", "_Copy", "_Alt", "_Paste", 

"\u2030", "\u00b0", "{", "\u00a7", "<", 
"_Shift", "_abc123", "[X]", "_Repeat", "_User", 
"%", "~", "}", "\u00b5", ">", 

"_WLeft", "_SYMB", "_Tab", "_Left", "_Home", 
"_Keyboard", "_abc123", "_Up", "[X]", "_Down", 
"_WRight", "_Emoji", "_Enter", "_Right", "_End", 

"[", "<", "{", "\u00ab", "(", 
"\u00a4", "|", "", "", "[X]", 
"]", ">", "}", "\u00bb", ")", 

"_Up", "%", "\"", "$", "|", 
"", "'", "%", "", "%", 
"[X]", "", "", "", "", 

"\u2030", "_PgUp", "\u00ae", "/", "\u00a9", 
"", "_Emoji", "", "", "=", 
"", "[X]", "", "", "", 

"_", "=", "_Shift", "\u20ac", ";", 
"", "-", "}", ",", "@", 
"", "", "[X]", "", "_Right", 

"&", "\\", "@", "_PgDn", "\u00bd", 
"\u00b5", "", "", "", "#", 
"", "", "", "[X]", "", 

"~", "^", ":", "\u00a3", "_Down", 
"", "~", ">", ".", ")", 
"", "", "_Right", "", "[X]", 

"#@", ""]},

"emojis":{

"map":[

"Pressed key = [X]. Three keypad colums: Left Center Right x 15",

 "\ud83c\udd97", "\u2665", "", "\ud83d\udc4d", "\ud83c\udfb9", 
"\ud83d\ude41", "_abc123", "\ud83d\ude42", "", "\ud83d\ude10", 
"\u260e", "\ud83c\udf82", "\u2708\ufe0f", "\ud83d\udc36", "\u26bd", 

"[X]", "", "", "", "", 
"", "", "", "", "", 
"", "", "", "", "", 

"\ud83c\udf29\ufe0f", "[X]", "\u2614", "\ud83c\udf39", "\ud83d\udc90", 
"\ud83d\udc83", "\ud83d\udd76", "\ud83c\udf02", "\ud83c\udf24\ufe0f", "\ud83d\udcab", 
"\ud83d\ude18", "\ud83d\udc8b", "\u2600\ufe0f\ufe0f", "\ud83d\udc8f", "\u2764\ufe0f", 

"", "", "[X]", "", "", 
"", "", "", "", "", 
"", "", "", "", "", 

"\ud83e\udd19", "\ud83d\udc46", "\ud83d\udc4c", "[X]", "\ud83d\udc4e", 
"\u261d\ufe0f", "\u270d\ufe0f", "\ud83d\udcaa", "\ud83d\udd90\ufe0f", "\ud83e\udd1d", 
"\ud83d\udc4c", "\ud83d\udc4f", "\u270c\ufe0f", "\u270b", "\ud83d\udc4b\ufe0f", 

"\ud83c\udf99", "\ud83c\udfa4", "\ud83c\udf9b", "\u2669", "[X]", 
"\u266a", "\ud83c\udfb6", "\u266b", "\ud83c\udfbc", "\u266c", 
"\ud83c\udfb8", "\ud83e\udd41", "\ud83c\udfb7", "\ud83c\udfba", "\ud83c\udfbb", 

"\ud83d\ude32", "\ud83d\ude35", "\ud83d\ude1f", "\ud83d\ude13", "\ud83d\ude16", 
"[X]", "_Fn", "_ShiftDown", "_Settings", "_Hide", 
"\ud83d\ude1e", "\ud83d\ude16", "\ud83d\ude22", "\ud83d\ude27", "\ud83d\ude20", 

"", "", "", "", "", 
"", "[X]", "", "", "", 
"", "", "", "", "", 

"\ud83d\ude0b", "\ud83d\ude0e", "\ud83d\ude09", "\ud83d\ude04", "\ud83d\ude00", 
"_Shift", "_abc123", "[X]", "_Repeat", "", 
"\ud83d\ude1b", "", "", "", "", 

"", "", "", "", "", 
"", "", "", "[X]", "", 
"", "", "", "", "", 

"\ud83c\uddeb\ud83c\uddee", "\ud83d\ude48", "\ud83d\udcd6", "\u2764\ufe0f", "\ud83d\ude0a", 
"\ud83d\ude98", "\ud83d\ude4a", "\ud83d\udcb5", "\ud83e\udd14", "...", 
"\u26f1\ufe0f", "\ud83d\ude49", "\ud83d\udc8e", "\ud83d\udd2c", "\ud83d\ude0d", 

"\ud83d\udc88", "\ud83c\udfa7", "\ud83d\udcfd\ufe0f", "\ud83d\udcf7", "\ud83d\udca1", 
"\ud83d\udcfa", "\ud83d\udcf1", "\ud83d\udcbb", "\ud83d\udcfb", "\ud83d\udce2", 
"[X]", "\ud83d\udcfe", "\ud83d\udda8", "\ud83d\udd26", "\ud83d\udd0b", 

"\ud83c\udf75", "\ud83c\udf7b", "\ud83c\udf77", "\ud83c\udf79", "\ud83c\udf78", 
"\ud83e\udd42", "\ud83c\udf7e", "\ud83c\udf7c", "\ud83c\udf7d\ufe0f", "\ud83c\udf68", 
"\ud83c\udf70", "[X]", "\ud83c\udf7f", "\ud83c\udf69", "\ud83e\udd5b", 

"\u26f4\ufe0f", "\ud83d\ude81", "\ud83d\ude8b", "\ud83d\ude82", "\ud83d\ude97", 
"\ud83d\ude8c", "\ud83d\udeb2", "\ud83d\ude9c", "\u26f5", "\ud83d\uddfa\ufe0f", 
"\ud83c\udfdd\ufe0f", "\ud83c\udfd6\ufe0f", "[X]", "\ud83d\uddfd", "\ud83c\udfd4\ufe0f", 

"\ud83d\udc31", "\ud83d\udc0e", "\ud83d\udc25", "\ud83d\udc2f", "\ud83d\udc1d", 
"\ud83d\udc27", "\ud83d\udc15",

 "\ud83d\udc22", "\ud83e\udd89", "\ud83d\udc0c", "\ud83d\udc08", "\ud83d\udc3c", 
"\ud83d\udc27", "[X]", "\ud83d\udc37", "\ud83d\udeb4", "\ud83c\udfc7", 
"\u26f7\ufe0f", "\ud83c\udfca", "\ud83c\udfcc\ufe0f", "\u26f8\ufe0f", "\ud83c\udfc3", 

"\ud83c\udfbf", "\ud83c\udfd2", "\ud83c\udfc6", "\ud83c\udfbe", "\u26be", 
"\ud83c\udfc8", "\ud83c\udfc0", "[X]", ":)", ""]}}

