{
    "metadata": {
    	"format":"1.0",
        "name":"Warm",
        "description":"Warm",
	"version":"1.1",
	"date":"2017-01-17",
	"author":"Seppo Tiainen",
        "info":"Warm pink theme"
    },
    "buttonimage": {
        "mainbutton":"mainButtonPassion.png",
        "middlebutton":"centerButtonPassion.png",
        "centerbutton":"centerButtonPassion.png",
        "leftbarbutton":"centerButtonPassion.png",
        "rightbarbutton":"centerButtonPassion.png",
        "smallbutton":"smallButton.png"
    },
    "textarea": {
	"backgroundcolor":"#000000",
        "foregroundcolor":"white",
	"backgroundimage":"backgroundimage.png",
	"imageopacity": 0.25
    }	
}
