{
    "metadata": {
    	"format":"1.0",
        "name":"Go Meek",
        "description":"Go Meek",
    "version":"1.2",
    "date":"2017-01-16",
	"author":"Seppo Tiainen",
        "info":"A very modest theme"
    },
    "buttonimage": {
        "mainbutton":"mainButtonGrey.png",
        "middlebutton":"middleButtonGrey.png",
        "centerbutton":"centerButtonGrey.png",
        "leftbarbutton":"middleButtonGrey.png",
        "rightbarbutton":"middleButtonGrey.png",
        "smallbutton":"smallButton.png"
    },
    "textarea": {
    "backgroundcolor":"darkgrey",
        "foregroundcolor":"white",
	"backgroundimage":"background.png",
	"imageopacity": 0.3
    }	
}
