{
    "metadata": {
    	"format":"1.0",
        "name":"School",
        "description":"School",
	"version":"1.1",
	"date":"2017-01-17",
	"author":"Seppo Tiainen",
        "info":"Images of school items"
    },
    "buttonimage": {
        "mainbutton":"mainButtonSchool.png",
        "middlebutton":"middleButtonSchool.png",
        "centerbutton":"centerButtonSchool.png",
        "leftbarbutton":"middleButtonSchool.png",
        "rightbarbutton":"centerButtonSchool.png",
        "smallbutton":"smallButton.png"
    },
    "textarea": {
	"backgroundcolor":"#000000",
        "foregroundcolor":"white",
	"backgroundimage":"backgroundimage.png",
	"imageopacity": 0.24
    }	
}
