{
    "metadata": {
        "format":"1.2",
        "name":"Desire",
        "description":"Desire",
        "version":"1.1",
        "date":"2019-09-06",
        "author":"Seppo Tiainen",
        "info":"Desire theme with browb buttons and black background. Includes all elements."
    },
    "buttonimage": {
        "mainbutton":"button_brown_dark2.9.png",
        "middlebutton":"button_black_square.png",
        "centerbutton":"button_black_square.png",
        "leftbarbutton":"button_black_square.png",
        "rightbarbutton":"button_black_square.png",
        "smallbutton":"button_black_square.png"
    },
    "buttontext": {
        "mainbuttonforeground":"#ff0000",
        "middlebuttonforeground":"#dddddd",
        "smallbuttonforeground":"#dddddd",
        "mainbuttonhelpforeground": "#880000",
        "middlebuttonhelpforeground": "#666666"
    },
    "textarea": {
        "backgroundcolor":"#000000",
        "foregroundcolor":"white",
        "backgroundimage":"backgroundimage.png",
        "imageopacity": 0.2
    },
    "padarea": {
        "backgroundcolorleft":"#000000",
        "backgroundcolorright":"#000000"
    }
}
