{
    "metadata": {
    	"format":"1.0",
        "name":"Neon",
        "description":"Neon",
	"version":"1.1",
	"date":"2017-01-17",
	"author":"Seppo Tiainen",
        "info":"Glassy glow theme"
    },
    "buttonimage": {
        "mainbutton":"mainButtonBlue.png",
        "middlebutton":"middleButtonBlue.png",
        "centerbutton":"centerButtonBlue.png",
        "leftbarbutton":"centerButtonBlue.png",
        "rightbarbutton":"centerButtonBlue.png",
        "smallbutton":"smallButton.png"
    },
    "textarea": {
	"backgroundcolor":"#000000",
        "foregroundcolor":"white",
	"backgroundimage":"backgroundimage.png",
	"imageopacity": 0.32
    }	
}
