{
    "metadata": {
        "format":"1.2",
        "name":"Blank",
        "description":"Blank",
        "version":"1.1",
        "date":"2019-02-20",
        "author":"Seppo Tiainen",
        "info":"Blank theme to be used as a template for defining more themes. Includes all elements."
    },
    "buttonimage": {
        "mainbutton":"buttonBlack.png",
        "middlebutton":"buttonBlack.png",
        "centerbutton":"buttonBlack.png",
        "leftbarbutton":"barButtonBlack.png",
        "rightbarbutton":"barButtonBlack.png",
        "smallbutton":"smallButtonBlank.png"
    },
    "buttontext": {
        "mainbuttonforeground":"#ff0000",
        "middlebuttonforeground":"#dddddd",
        "smallbuttonforeground":"#dddddd",
        "mainbuttonhelpforeground": "#880000",
        "middlebuttonhelpforeground": "#666666"
    },
    "textarea": {
        "backgroundcolor":"#000000",
        "foregroundcolor":"white",
        "backgroundimage":"backgroundimage.png",
        "imageopacity": 0.2
    },
    "padarea": {
        "backgroundcolorleft":"#000000",
        "backgroundcolorright":"#000000"
    }
}
