{
    "metadata": {
    	"format":"1.1",
        "name":"Tiles",
        "description":"Tiles",
	"version":"1.0",
	"date":"2017-03-01",
	"author":"Seppo Tiainen",
        "info":"Simple Tiles theme"
    },
    "buttonimage": {
        "mainbutton":"mainButtonBlank.png",
        "middlebutton":"middleButtonBlank.png",
        "centerbutton":"centerButtonBlank.png",
        "leftbarbutton":"barButtonBlank.png",
        "rightbarbutton":"barButtonBlank.png",
        "smallbutton":"smallButtonBlank.png"
    },
    "buttontext": {
        "mainbuttonforeground":"#ff4444",
        "middlebuttonforeground":"#cccccc",
        "smallbuttonforeground":"#cccccc",
        "mainbuttonhelpforeground": "#6666ff",
        "middlebuttonhelpforeground": "#ff6666"
    },
    "textarea": {
	"backgroundcolor":"#000000",
        "foregroundcolor":"white",
	"backgroundimage":"backgroundimage.png",
	"imageopacity": 0.2
    }	
}
