{"metadata":{

"format":"10",
"iso6391":"pl",
"name":"Polish",
"description":"polski",
"group":"Optimized",
"version":"5.1",
"author":"Seppo Tiainen",
"info":"  -  The ComboKey keymap for Polish  (from format 10 and version 5.0 up)  -  Last modified 2019-10-24 at 15:34",
"extra":[

"-",
"-",
"pl",
"PL",
"Poland",
"Polska",
"-",
"-",
"-",
"-",
"-",
"-",
"-",
"-",
"-",
"-",
"-"]},

"lowercase":{

"map":[

"Pressed key = [X]. Clear from template = []. Three keypad colums: Left Center Right x 15",

 "a", "o", "u", "s", "c", 
"d", "_BS", "l", " ", "w", 
"i", "t", "e", "n", "r", 

"[X]", "", "", "", "", 
"\u0105", "_", "[1-8]", "\u02c6", "\u00a8", 
"_Up", "h", "-", "\u0105", "?", 

"", "[X]", "", "", "", 
"\u00f3", "_SYMB", "[2-8]", "", "", 
"p", "_PgUp", "f", "\\", "q", 

"", "", "[X]", "", "_Left", 
"d\u017a", "\u00b4", "\u0142", ":", "\u00fc", 
"'", "g", "_Shift", "b", ".", 

"", "", "", "[X]", "", 
"dz", "", "\u015b", "sz", "\u00df", 
"sz", "/", "m", "_PgDn", "v", 

"", "", "_Left", "", "[X]", 
"d\u017c", "|", "\u0107", ";", "cz", 
"!", "j", ",", "k", "_Down", 

"\u0105", "\u00f3", "d\u017a", "dz", "d\u017c", 
"[X]", "_Fn", "_ShiftDown", "_Settings", "_Hide", 
"\u0119", "ch", "\u0119", "\u0144", "\u017a", 

"_Record", "_Clear", "_Translate", "_Esc", "_Search", 
"_Shift", "[X]", "_Lang", "_abc123", "_Ctrl", 
"_Play", "_Del", "_Copy", "_Alt", "_Paste", 

"[8-1]", "[8-2]", "\u0142", "\u015b", "\u0107", 
"_Shift", "_abc123", "[X]", "_Repeat", "_User", 
"x", "j", "y", "z", "\u017c", 

"_WLeft", "_SYMB", "_Tab", "_Left", "_Home", 
"_Keyboard", "_abc123", "_Up", "[X]", "_Down", 
"_WRight", "_Emoji", "_Enter", "_Right", "_End", 

"&", "+", "/", "*", "(", 
"$", "\u00a3", "\u20ac", ":", "[X]", 
"%", "=", "@", "#", ")", 

"_Up", "p", "'", "sz", "!", 
"\u0119", "\"", "x", "\u02c7", "~", 
"[X]", "", "", "", "", 

"h", "_PgUp", "g", "/", "j", 
"ch", "_Emoji", "j", "", "", 
"", "[X]", "", "", "", 

"-", "f", "_Shift", "m", ",", 
"\u0119", "`", "y", ";", "", 
"", "", "[X]", "", "_Right", 

"\u0105", "\\", "b", "_PgDn", "k", 
"\u0144", "", "z", "\u0144", ".com", 
"", "", "", "[X]", "", 

"?", "q", ".", "v", "_Down", 
"\u017a", "~", "\u017c", ":", "rz", 
"", "", "_Right", "", "[X]", 

"abc", ""]},

"uppercase":{

"map":[

"Pressed key = [X]. ree keypad colums: Left Center Ri x 15",

 "A", "O", "U", "S", "C", 
"D", "_BS", "L", " ", "W", 
"I", "T", "E", "N", "R", 

"[X]", "", "", "", "", 
"\u0104", "-", "[1-8]", "\u02c6", "\u00a8", 
"_Up", "H", "_", "\u0104", "~", 

"", "[X]", "", "", "", 
"\u00d3", "_SYMB", "[2-8]", "", "", 
"P", "_PgUp", "F", "`", "Q", 

"", "", "[X]", "", "_Left", 
"D\u017a", "\u00b4", "\u0141", ".", "\u00dc", 
"\"", "G", "_Shift", "B", ":", 

"", "", "", "[X]", "", 
"Dz", "", "\u015a", "Sz", "\u00df", 
"Sz", "\u00b4", "M", "_PgDn", "V", 

"", "", "_Left", "", "[X]", 
"D\u017c", "|", "\u0106", ",", "Cz", 
"|", "J", ";", "K", "_Down", 

"\u0104", "\u00d3", "D\u017a", "Dz", "D\u017c", 
"[X]", "_Fn", "_ShiftDown", "_Settings", "_Hide", 
"\u0118", "Ch", "\u0118", "\u0143", "\u0179", 

"_Record", "_Clear", "_Translate", "_Esc", "_Search", 
"_Shift", "[X]", "_Lang", "_abc123", "_Ctrl", 
"_Play", "_Del", "_Copy", "_Alt", "_Paste", 

"[8-1]", "[8-2]", "\u0141", "\u015a", "\u0106", 
"_Shift", "_abc123", "[X]", "_Repeat", "_User", 
"X", "J", "Y", "Z", "\u017b", 

"_WLeft", "_SYMB", "_Tab", "_Left", "_Home", 
"_Keyboard", "_abc123", "_Up", "[X]", "_Down", 
"_WRight", "_Emoji", "_Enter", "_Right", "_End", 

"&", "+", "/", "*", "(", 
"$", "\u00a3", "\u20ac", ":", "[X]", 
"%", "=", "@", "#", ")", 

"_Up", "P", "\"", "Sz", "|", 
"\u0118", "'", "X", "\u02c7", "~", 
"[X]", "", "", "", "", 

"H", "_PgUp", "G", "\u00b4", "J", 
"Ch", "_Emoji", "J", "", "", 
"", "[X]", "", "", "", 

"_", "F", "_Shift", "M", ";", 
"\u0118", "`", "Y", ",", "", 
"", "", "[X]", "", "_Right", 

"\u0104", "`", "B", "_PgDn", "K", 
"\u0143", "", "Z", "\u0143", ".com", 
"", "", "", "[X]", "", 

"~", "Q", ":", "V", "_Down", 
"\u0179", "~", "\u017b", ".", "Rz", 
"", "", "_Right", "", "[X]", 

"Abc", ""]},

"capslock":{

"map":[

"Pressed key = [X]. Three keypad colums: Left Center Right x 15",

 "A", "O", "U", "S", "C", 
"D", "_BS", "L", " ", "W", 
"I", "T", "E", "N", "R", 

"[X]", "", "", "", "", 
"\u0104", "_", "[1-8]", "\u02c6", "\u00a8", 
"_Up", "H", "-", "\u0104", "?", 

"", "[X]", "", "", "", 
"\u00d3", "_SYMB", "[2-8]", "", "", 
"P", "_PgUp", "F", "\\", "Q", 

"", "", "[X]", "", "_Left", 
"D\u0179", "\u00b4", "\u0141", ":", "\u00dc", 
"'", "G", "_Shift", "B", ".", 

"", "", "", "[X]", "", 
"DZ", "", "\u015a", "SZ", "\u00df", 
"SZ", "/", "M", "_PgDn", "V", 

"", "", "_Left", "", "[X]", 
"D\u017b", "|", "\u0106", ";", "CZ", 
"!", "J", ",", "K", "_Down", 

"\u0104", "\u00d3", "D\u0179", "DZ", "D\u017b", 
"[X]", "_Fn", "_ShiftDown", "_Settings", "_Hide", 
"\u0118", "CH", "\u0118", "\u0143", "\u0179", 

"_Record", "_Clear", "_Translate", "_Esc", "_Search", 
"_Shift", "[X]", "_Lang", "_abc123", "_Ctrl", 
"_Play", "_Del", "_Copy", "_Alt", "_Paste", 

"[8-1]", "[8-2]", "\u0141", "\u015a", "\u0106", 
"_Shift", "_abc123", "[X]", "_Repeat", "_User", 
"X", "J", "Y", "Z", "\u017b", 

"_WLeft", "_SYMB", "_Tab", "_Left", "_Home", 
"_Keyboard", "_abc123", "_Up", "[X]", "_Down", 
"_WRight", "_Emoji", "_Enter", "_Right", "_End", 

"&", "+", "/", "*", "(", 
"$", "\u00a3", "\u20ac", ":", "[X]", 
"%", "=", "@", "#", ")", 

"_Up", "P", "'", "SZ", "!", 
"\u0118", "\"", "X", "\u02c7", "~", 
"[X]", "", "", "", "", 

"H", "_PgUp", "G", "/", "J", 
"CH", "_Emoji", "J", "", "", 
"", "[X]", "", "", "", 

"-", "F", "_Shift", "M", ",", 
"\u0118", "`", "Y", ";", "", 
"", "", "[X]", "", "_Right", 

"\u0104", "\\", "B", "_PgDn", "K", 
"\u0143", "", "Z", "\u0143", ".COM", 
"", "", "", "[X]", "", 

"?", "Q", ".", "V", "_Down", 
"\u0179", "~", "\u017b", ":", "RZ", 
"", "", "_Right", "", "[X]", 

"ABC", ""]},

"numbers":{

"map":[

"Pressed key = [X]. Three keypad colums: Left Center Right x 15",

 "1", "+", "4", "*", "7", 
"2", "_BS", "5", " ", "8", 
"3", "0", "6", "#", "9", 

"[X]", "", "", "", "", 
"", "_", "\u2030", " ", "&", 
"_Up", "\u2030", "-", "&", "?", 

"", "[X]", "", "", "", 
"", "_SYMB", "\u00b0", "", "+", 
"%", "_PgUp", "=", "\\", "^", 

"", "", "[X]", "", "_Left", 
"", "\"", "", ":", "/", 
"'", "\u00ae", "_Shift", "@", ".", 

"", "", "", "[X]", "", 
"", "", "\u00a7", "", "*", 
"$", "/", "\u20ac", "_PgDn", "\u00a3", 

"", "", "_Left", "", "[X]", 
"", "", "<", ";", "(", 
"!", "\u00a9", ",", "\u00bd", "_Down", 

"[", "<", "{", "\u00ab", "\u00a7", 
"[X]", "_Fn", "_ShiftDown", "_Settings", "_Hide", 
"]", ">", "}", "\u00bb", "\u00b5", 

"_Call", "_Clear", "_Translate", "_Esc", "_Search", 
"_Shift", "[X]", "_Lang", "_abc123", "_Ctrl", 
"_Play", "_Del", "_Copy", "_Alt", "_Paste", 

"\u2030", "\u00b0", "{", "\u00a7", "<", 
"_Shift", "_abc123", "[X]", "_Repeat", "_User", 
"%", "~", "}", "\u00b5", ">", 

"_WLeft", "_SYMB", "_Tab", "_Left", "_Home", 
"_Keyboard", "_abc123", "_Up", "[X]", "_Down", 
"_WRight", "_Emoji", "_Enter", "_Right", "_End", 

"&", "+", "/", "*", "(", 
"$", "\u00a3", "\u20ac", ":", "[X]", 
"%", "=", "@", "#", ")", 

"_Up", "%", "'", "$", "!", 
"", "\"", "%", "", "%", 
"[X]", "", "", "", "", 

"\u2030", "_PgUp", "\u00ae", "/", "\u00a9", 
"", "_Emoji", "", "", "=", 
"", "[X]", "", "", "", 

"-", "=", "_Shift", "\u20ac", ",", 
">", "_", "}", ";", "@", 
"", "", "[X]", "", "_Right", 

"&", "\\", "@", "_PgDn", "\u00bd", 
"\u00b5", "", "", "", "#", 
"", "", "", "[X]", "", 

"?", "^", ".", "\u00a3", "_Down", 
"", "~", ">", ":", ")", 
"", "", "_Right", "", "[X]", 

"123", ""]},

"symbols":{

"map":[

"Pressed key = [X]. Three keypad colums: Left Center Right x 15",

 "1", "+", "4", "*", "7", 
"2", "_BS", "5", " ", "8", 
"3", "0", "6", "#", "9", 

"[X]", "", "", "", "", 
"", "-", "\u2030", " ", "&", 
"_Up", "\u2030", "_", "&", "~", 

"", "[X]", "", "", "", 
"", "_SYMB", "\u00b0", "", "+", 
"%", "_PgUp", "=", "\\", "^", 

"", "", "[X]", "", "_Left", 
"", "'", "", ".", "/", 
"\"", "\u00ae", "_Shift", "@", ":", 

"", "", "", "[X]", "", 
"", "", "\u00a7", "", "*", 
"$", "/", "\u20ac", "_PgDn", "\u00a3", 

"", "", "_Left", "", "[X]", 
"", "", "<", ",", "(", 
"|", "\u00a9", ";", "\u00bd", "_Down", 

"[", "<", "{", "\u00ab", "(", 
"[X]", "_Fn", "_ShiftDown", "_Settings", "_Hide", 
"]", ">", "}", "\u00bb", ")", 

"_Record", "_Clear", "_Translate", "_Esc", "_Search", 
"_Shift", "[X]", "_Lang", "_abc123", "_Ctrl", 
"_Play", "_Del", "_Copy", "_Alt", "_Paste", 

"\u2030", "\u00b0", "{", "\u00a7", "<", 
"_Shift", "_abc123", "[X]", "_Repeat", "_User", 
"%", "~", "}", "\u00b5", ">", 

"_WLeft", "_SYMB", "_Tab", "_Left", "_Home", 
"_Keyboard", "_abc123", "_Up", "[X]", "_Down", 
"_WRight", "_Emoji", "_Enter", "_Right", "_End", 

"[", "<", "{", "\u00ab", "(", 
"\u00a4", "|", "", "", "[X]", 
"]", ">", "}", "\u00bb", ")", 

"_Up", "%", "\"", "$", "|", 
"", "'", "%", "", "%", 
"[X]", "", "", "", "", 

"\u2030", "_PgUp", "\u00ae", "/", "\u00a9", 
"", "_Emoji", "", "", "=", 
"", "[X]", "", "", "", 

"_", "=", "_Shift", "\u20ac", ";", 
">", "-", "}", ",", "@", 
"", "", "[X]", "", "_Right", 

"&", "\\", "@", "_PgDn", "\u00bd", 
"\u00b5", "", "", "", "#", 
"", "", "", "[X]", "", 

"~", "^", ":", "\u00a3", "_Down", 
"", "~", ">", ".", ")", 
"", "", "_Right", "", "[X]", 

"#@", ""]},

"emojis":{

"map":[

"Pressed key = [X]. Three keypad colums: Left Center Right x 15",

 "\ud83c\udd97", "\u2665", "", "\ud83d\udc4d", "\ud83c\udfb9", 
"\ud83d\ude41", "_abc123", "\ud83d\ude42", "", "\ud83d\ude10", 
"\u260e", "\ud83c\udf82", "\u2708\ufe0f", "\ud83d\udc36", "\u26bd", 

"[X]", "", "", "", "", 
"", "", "", "", "", 
"", "", "", "", "", 

"\ud83c\udf29\ufe0f", "[X]", "\u2614", "\ud83c\udf39", "\ud83d\udc90", 
"\ud83d\udc83", "\ud83d\udd76", "\ud83c\udf02", "\ud83c\udf24\ufe0f", "\ud83d\udcab", 
"\ud83d\ude18", "\ud83d\udc8b", "\u2600\ufe0f\ufe0f", "\ud83d\udc8f", "\u2764\ufe0f", 

"", "", "[X]", "", "", 
"", "", "", "", "", 
"", "", "", "", "", 

"\ud83e\udd19", "\ud83d\udc46", "\ud83d\udc4c", "[X]", "\ud83d\udc4e", 
"\u261d\ufe0f", "\u270d\ufe0f", "\ud83d\udcaa", "\ud83d\udd90\ufe0f", "\ud83e\udd1d", 
"\ud83d\udc4c", "\ud83d\udc4f", "\u270c\ufe0f", "\u270b", "\ud83d\udc4b\ufe0f", 

"\ud83c\udf99", "\ud83c\udfa4", "\ud83c\udf9b", "\u2669", "[X]", 
"\u266a", "\ud83c\udfb6", "\u266b", "\ud83c\udfbc", "\u266c", 
"\ud83c\udfb8", "\ud83e\udd41", "\ud83c\udfb7", "\ud83c\udfba", "\ud83c\udfbb", 

"\ud83d\ude32", "\ud83d\ude35", "\ud83d\ude1f", "\ud83d\ude13", "\ud83d\ude16", 
"[X]", "_Fn", "_ShiftDown", "_Settings", "_Hide", 
"\ud83d\ude1e", "\ud83d\ude16", "\ud83d\ude22", "\ud83d\ude27", "\ud83d\ude20", 

"", "", "", "", "", 
"", "[X]", "", "", "", 
"", "", "", "", "", 

"\ud83d\ude0b", "\ud83d\ude0e", "\ud83d\ude09", "\ud83d\ude04", "\ud83d\ude00", 
"_Shift", "_abc123", "[X]", "_Repeat", "", 
"\ud83d\ude1b", "", "", "", "", 

"", "", "", "", "", 
"", "", "", "[X]", "", 
"", "", "", "", "", 

"\ud83c\uddeb\ud83c\uddee", "\ud83d\ude48", "\ud83d\udcd6", "\u2764\ufe0f", "\ud83d\ude0a", 
"\ud83d\ude98", "\ud83d\ude4a", "\ud83d\udcb5", "\ud83e\udd14", "...", 
"\u26f1\ufe0f", "\ud83d\ude49", "\ud83d\udc8e", "\ud83d\udd2c", "\ud83d\ude0d", 

"\ud83d\udc88", "\ud83c\udfa7", "\ud83d\udcfd\ufe0f", "\ud83d\udcf7", "\ud83d\udca1", 
"\ud83d\udcfa", "\ud83d\udcf1", "\ud83d\udcbb", "\ud83d\udcfb", "\ud83d\udce2", 
"[X]", "\ud83d\udcfe", "\ud83d\udda8", "\ud83d\udd26", "\ud83d\udd0b", 

"\ud83c\udf75", "\ud83c\udf7b", "\ud83c\udf77", "\ud83c\udf79", "\ud83c\udf78", 
"\ud83e\udd42", "\ud83c\udf7e", "\ud83c\udf7c", "\ud83c\udf7d\ufe0f", "\ud83c\udf68", 
"\ud83c\udf70", "[X]", "\ud83c\udf7f", "\ud83c\udf69", "\ud83e\udd5b", 

"\u26f4\ufe0f", "\ud83d\ude81", "\ud83d\ude8b", "\ud83d\ude82", "\ud83d\ude97", 
"\ud83d\ude8c", "\ud83d\udeb2", "\ud83d\ude9c", "\u26f5", "\ud83d\uddfa\ufe0f", 
"\ud83c\udfdd\ufe0f", "\ud83c\udfd6\ufe0f", "[X]", "\ud83d\uddfd", "\ud83c\udfd4\ufe0f", 

"\ud83d\udc31", "\ud83d\udc0e", "\ud83d\udc25", "\ud83d\udc2f", "\ud83d\udc1d", 
"\ud83d\udc27", "\ud83d\udc15",

 "\ud83d\udc22", "\ud83e\udd89", "\ud83d\udc0c", "\ud83d\udc08", "\ud83d\udc3c", 
"\ud83d\udc27", "[X]", "\ud83d\udc37", "\ud83d\udeb4", "\ud83c\udfc7", 
"\u26f7\ufe0f", "\ud83c\udfca", "\ud83c\udfcc\ufe0f", "\u26f8\ufe0f", "\ud83c\udfc3", 

"\ud83c\udfbf", "\ud83c\udfd2", "\ud83c\udfc6", "\ud83c\udfbe", "\u26be", 
"\ud83c\udfc8", "\ud83c\udfc0", "[X]", ":)", ""]}}

