{"metadata":{

"format":"10",
"iso6391":"ru",
"name":"Russian",
"description":"\u0440\u0443\u0441\u0441\u043a\u0438\u0439",
"group":"Optimized",
"version":"5.1",
"author":"Seppo Tiainen",
"info":"  -  The ComboKey keymap for Russian  (from format 10 and version 5.0 up)  -  Last modified 2019-10-24 at 15:34",
"extra":[

"-",
"-",
"ru",
"RU",
"Russia",
"\u0420\u043e\u0441\u0441\u0438\u0301\u044f",
"-",
"-",
"-",
"-",
"-",
"-",
"-",
"-",
"-",
"-",
"-"]},

"lowercase":{

"map":[

"Pressed key = [X]. Clear from template = []. Three keypad colums: Left Center Right x 15",

 "\u0430", "\u043e", "\u0432", "\u0441", "\u043a", 
"\u0434", "_BS", "\u043b", " ", "\u0443", 
"\u0438", "\u0442", "\u0435", "\u043d", "\u0440", 

"[X]", "", "", "", "", 
"\u044f", "_", "[1-8]", "\u02c6", "\u00a8", 
"_Up", "\u0445", "-", "\u0449", "?", 

"", "[X]", "", "", "", 
"[2-6]", "_SYMB", "[2-8]", "", "", 
"\u043f", "_PgUp", "\u0436", "\\", "\u0444", 

"", "", "[X]", "", "_Left", 
"\u0451", "\u00b4", "\u0439", ":", "", 
"'", "\u0433", "_Shift", "\u0431", ".", 

"", "", "", "[X]", "", 
"[4-6]", "", "[4-8]", "", "", 
"\u0448", "/", "\u0443", "_PgDn", "\u043c", 

"", "", "_Left", "", "[X]", 
"\u044e", "|", "\u044b", ";", "", 
"!", "\u0439", ",", "\u0446", "_Down", 

"\u044f", "[6-2]", "\u0451", "[6-4]", "\u044e", 
"[X]", "_Fn", "_ShiftDown", "_Settings", "_Hide", 
"\u044e", "\u00a8", "\u044d", "\u044a", "\u044f", 

"_Record", "_Clear", "_Translate", "_Esc", "_Search", 
"_Shift", "[X]", "_Lang", "_abc123", "_Ctrl", 
"_Play", "_Del", "_Copy", "_Alt", "_Paste", 

"[8-1]", "[8-2]", "\u0439", "[8-4]", "\u044b", 
"_Shift", "_abc123", "[X]", "_Repeat", "_User", 
"\u0447", "_Ins", "\u044b", "\u044c", "\u0437", 

"_WLeft", "_SYMB", "_Tab", "_Left", "_Home", 
"_Keyboard", "_abc123", "_Up", "[X]", "_Down", 
"_WRight", "_Emoji", "_Enter", "_Right", "_End", 

"&", "+", "/", "*", "(", 
"$", "\u00a3", "\u20ac", ":", "[X]", 
"%", "=", "@", "#", ")", 

"_Up", "\u043f", "'", "\u0448", "!", 
"\u044e", "\"", "\u0447", "\u02c7", "~", 
"[X]", "", "", "", "", 

"\u0445", "_PgUp", "\u0433", "/", "\u0439", 
"\u00a8", "_Emoji", "_Ins", "", "", 
"", "[X]", "", "", "", 

"-", "\u0436", "_Shift", "\u0443", ",", 
"\u044d", "`", "\u044b", ";", "", 
"", "", "[X]", "", "_Right", 

"\u0449", "\\", "\u0431", "_PgDn", "\u0446", 
"\u044a", "", "\u044c", "", "", 
"", "", "", "[X]", "", 

"?", "\u0444", ".", "\u043c", "_Down", 
"\u044f", "~", "\u0437", ":", ".com", 
"", "", "_Right", "", "[X]", 

"abc", ""]},

"uppercase":{

"map":[

"Pressed key = [X]. ree keypad colums: Left Center Ri x 15",

 "\u0410", "\u041e", "\u0412", "\u0421", "\u041a", 
"\u0414", "_BS", "\u041b", " ", "\u0423", 
"\u0418", "\u0422", "\u0415",

 "\u041d", "\u0420", "[X]", "", "", 
"", "", "\u042f", "-", "[1-8]", 
"\u02c6", "\u00a8", "_Up", "\u0425", "_", 

"\u0429", "~", "", "[X]", "", 
"", "", "[2-6]", "_SYMB", "[2-8]", 
"", "", "\u041f", "_PgUp", "\u0416", 

"`", "\u0424", "", "", "[X]", 
"", "_Left", "\u0401", "\u00b4", "\u0419", 
".", "", "\"", "\u0413", "_Shift", 

"\u0411", ":", "", "", "", 
"[X]", "", "[4-6]", "", "[4-8]", 
"", "", "\u0428", "\u00b4", "\u0423", 

"_PgDn", "\u041c", "", "", "_Left", 
"", "[X]", "\u042e", "|", "\u042b", 
",", "", "|", "\u0419", ";", 

"\u0426", "_Down", "\u042f", "[6-2]", "\u0401", 
"[6-4]", "\u042e", "[X]", "_Fn", "_ShiftDown", 
"_Settings", "_Hide", "\u042e", "\u00a8", "\u042d", 

"\u042a", "\u042f", "_Record", "_Clear", "_Translate", 
"_Esc", "_Search", "_Shift", "[X]", "_Lang", 
"_abc123", "_Ctrl", "_Play", "_Del", "_Copy", 

"_Alt", "_Paste", "[8-1]", "[8-2]", "\u0419", 
"[8-4]", "\u042b", "_Shift", "_abc123", "[X]", 
"_Repeat", "_User", "\u0427", "_Ins", "\u042b", 

"\u042c", "\u0417", "_WLeft", "_SYMB", "_Tab", 
"_Left", "_Home", "_Keyboard", "_abc123", "_Up", 
"[X]", "_Down", "_WRight", "_Emoji", "_Enter", 

"_Right", "_End", "&", "+", "/", 
"*", "(", "$", "\u00a3", "\u20ac", 
":", "[X]", "%", "=", "@", 

"#", ")", "_Up", "\u041f", "\"", 
"\u0428", "|", "\u042e", "'", "\u0427", 
"\u02c7", "~", "[X]", "", "", 

"", "", "\u0425", "_PgUp", "\u0413", 
"\u00b4", "\u0419", "\u00a8", "_Emoji", "_Ins", 
"", "", "", "[X]", "", 

"", "", "_", "\u0416", "_Shift", 
"\u0423", ";", "\u042d", "`", "\u042b", 
",", "", "", "", "[X]", 

"", "_Right", "\u0429", "`", "\u0411", 
"_PgDn", "\u0426", "\u042a", "", "\u042c", 
"", "", "", "", "", 

"[X]", "", "~", "\u0424", ":", 
"\u041c", "_Down", "\u042f", "~", "\u0417", 
".", ".com", "", "", "_Right", 

"", "[X]", "Abc", ""]},

"capslock":{

"map":[

"Pressed key = [X]. Three keypad colums: Left Center Right x 15",

 "\u0410", "\u041e", "\u0412", "\u0421", "\u041a", 
"\u0414", "_BS", "\u041b", " ", "\u0423", 
"\u0418", "\u0422", "\u0415",

 "\u041d", "\u0420", "[X]", "", "", 
"", "", "\u042f", "_", "[1-8]", 
"\u02c6", "\u00a8", "_Up", "\u0425", "-", 

"\u0429", "?", "", "[X]", "", 
"", "", "[2-6]", "_SYMB", "[2-8]", 
"", "", "\u041f", "_PgUp", "\u0416", 

"\\", "\u0424", "", "", "[X]", 
"", "_Left", "\u0401", "\u00b4", "\u0419", 
":", "", "'", "\u0413", "_Shift", 

"\u0411", ".", "", "", "", 
"[X]", "", "[4-6]", "", "[4-8]", 
"", "", "\u0428", "/", "\u0423", 

"_PgDn", "\u041c", "", "", "_Left", 
"", "[X]", "\u042e", "|", "\u042b", 
";", "", "!", "\u0419", ",", 

"\u0426", "_Down", "\u042f", "[6-2]", "\u0401", 
"[6-4]", "\u042e", "[X]", "_Fn", "_ShiftDown", 
"_Settings", "_Hide", "\u042e", "\u00a8", "\u042d", 

"\u042a", "\u042f", "_Record", "_Clear", "_Translate", 
"_Esc", "_Search", "_Shift", "[X]", "_Lang", 
"_abc123", "_Ctrl", "_Play", "_Del", "_Copy", 

"_Alt", "_Paste", "[8-1]", "[8-2]", "\u0419", 
"[8-4]", "\u042b", "_Shift", "_abc123", "[X]", 
"_Repeat", "_User", "\u0427", "_Ins", "\u042b", 

"\u042c", "\u0417", "_WLeft", "_SYMB", "_Tab", 
"_Left", "_Home", "_Keyboard", "_abc123", "_Up", 
"[X]", "_Down", "_WRight", "_Emoji", "_Enter", 

"_Right", "_End", "&", "+", "/", 
"*", "(", "$", "\u00a3", "\u20ac", 
":", "[X]", "%", "=", "@", 

"#", ")", "_Up", "\u041f", "'", 
"\u0428", "!", "\u042e", "\"", "\u0427", 
"\u02c7", "~", "[X]", "", "", 

"", "", "\u0425", "_PgUp", "\u0413", 
"/", "\u0419", "\u00a8", "_Emoji", "_Ins", 
"", "", "", "[X]", "", 

"", "", "-", "\u0416", "_Shift", 
"\u0423", ",", "\u042d", "`", "\u042b", 
";", "", "", "", "[X]", 

"", "_Right", "\u0429", "\\", "\u0411", 
"_PgDn", "\u0426", "\u042a", "", "\u042c", 
"", "", "", "", "", 

"[X]", "", "?", "\u0424", ".", 
"\u041c", "_Down", "\u042f", "~", "\u0417", 
":", ".COM", "", "", "_Right", 

"", "[X]", "ABC", ""]},

"numbers":{

"map":[

"Pressed key = [X]. Three keypad colums: Left Center Right x 15",

 "1", "+", "4", "*", "7", 
"2", "_BS", "5", " ", "8", 
"3", "0", "6", "#", "9", 

"[X]", "", "", "", "", 
"", "_", "\u2030", " ", "&", 
"_Up", "\u2030", "-", "&", "?", 

"", "[X]", "", "", "", 
"", "_SYMB", "\u00b0", "", "+", 
"%", "_PgUp", "=", "\\", "^", 

"", "", "[X]", "", "_Left", 
"", "\"", "", ":", "/", 
"'", "\u00ae", "_Shift", "@", ".", 

"", "", "", "[X]", "", 
"", "", "\u00a7", "", "*", 
"$", "/", "\u20ac", "_PgDn", "\u00a3", 

"", "", "_Left", "", "[X]", 
"", "", "<", ";", "(", 
"!", "\u00a9", ",", "\u00bd", "_Down", 

"[", "<", "{", "\u00ab", "\u00a7", 
"[X]", "_Fn", "_ShiftDown", "_Settings", "_Hide", 
"]", ">", "}", "\u00bb", "\u00b5", 

"_Call", "_Clear", "_Translate", "_Esc", "_Search", 
"_Shift", "[X]", "_Lang", "_abc123", "_Ctrl", 
"_Play", "_Del", "_Copy", "_Alt", "_Paste", 

"\u2030", "\u00b0", "{", "\u00a7", "<", 
"_Shift", "_abc123", "[X]", "_Repeat", "_User", 
"%", "~", "}", "\u00b5", ">", 

"_WLeft", "_SYMB", "_Tab", "_Left", "_Home", 
"_Keyboard", "_abc123", "_Up", "[X]", "_Down", 
"_WRight", "_Emoji", "_Enter", "_Right", "_End", 

"&", "+", "/", "*", "(", 
"$", "\u00a3", "\u20ac", ":", "[X]", 
"%", "=", "@", "#", ")", 

"_Up", "%", "'", "$", "!", 
"", "\"", "%", "", "%", 
"[X]", "", "", "", "", 

"\u2030", "_PgUp", "\u00ae", "/", "\u00a9", 
"", "_Emoji", "", "", "=", 
"", "[X]", "", "", "", 

"-", "=", "_Shift", "\u20ac", ",", 
">", "_", "}", ";", "@", 
"", "", "[X]", "", "_Right", 

"&", "\\", "@", "_PgDn", "\u00bd", 
"\u00b5", "", "", "", "#", 
"", "", "", "[X]", "", 

"?", "^", ".", "\u00a3", "_Down", 
"", "~", ">", ":", ")", 
"", "", "_Right", "", "[X]", 

"123", ""]},

"symbols":{

"map":[

"Pressed key = [X]. Three keypad colums: Left Center Right x 15",

 "1", "+", "4", "*", "7", 
"2", "_BS", "5", " ", "8", 
"3", "0", "6", "#", "9", 

"[X]", "", "", "", "", 
"", "-", "\u2030", " ", "&", 
"_Up", "\u2030", "\u00bb", "&", "~", 

"", "[X]", "", "", "", 
"", "_SYMB", "\u00b0", "", "+", 
"%", "_PgUp", "=", "\\", "^", 

"", "", "[X]", "", "_Left", 
"", "'", "", ".", "/", 
"\u00ab", "\u00ae", "_Shift", "@", ":", 

"", "", "", "[X]", "", 
"", "", "\u00a7", "", "*", 
"$", "/", "\u20ac", "_PgDn", "\u00a3", 

"", "", "_Left", "", "[X]", 
"", "", "<", ",", "(", 
"|", "\u00a9", ";", "\u00bd", "_Down", 

"[", "<", "{", "\u00ab", "(", 
"[X]", "_Fn", "_ShiftDown", "_Settings", "_Hide", 
"]", ">", "}", "\u00bb", ")", 

"_Record", "_Clear", "_Translate", "_Esc", "_Search", 
"_Shift", "[X]", "_Lang", "_abc123", "_Ctrl", 
"_Play", "_Del", "_Copy", "_Alt", "_Paste", 

"\u2030", "\u00b0", "{", "\u00a7", "<", 
"_Shift", "_abc123", "[X]", "_Repeat", "_User", 
"%", "~", "}", "\u00b5", ">", 

"_WLeft", "_SYMB", "_Tab", "_Left", "_Home", 
"_Keyboard", "_abc123", "_Up", "[X]", "_Down", 
"_WRight", "_Emoji", "_Enter", "_Right", "_End", 

"[", "<", "{", "\u00ab", "(", 
"\u00a4", "|", "", "", "[X]", 
"]", ">", "}", "\u00bb", ")", 

"_Up", "%", "\u00ab", "$", "|", 
"", "'", "%", "", "%", 
"[X]", "", "", "", "", 

"\u2030", "_PgUp", "\u00ae", "/", "\u00a9", 
"", "_Emoji", "", "", "=", 
"", "[X]", "", "", "", 

"\u00bb", "=", "_Shift", "\u20ac", ";", 
">", "-", "}", ",", "@", 
"", "", "[X]", "", "_Right", 

"&", "\\", "@", "_PgDn", "\u00bd", 
"\u00b5", "", "", "", "#", 
"", "", "", "[X]", "", 

"~", "^", ":", "\u00a3", "_Down", 
"", "~", ">", ".", ")", 
"", "", "_Right", "", "[X]", 

"#@", ""]},

"emojis":{

"map":[

"Pressed key = [X]. Three keypad colums: Left Center Right x 15",

 "\ud83c\udd97", "\u2665", "", "\ud83d\udc4d", "\ud83c\udfb9", 
"\ud83d\ude41", "_abc123", "\ud83d\ude42", "", "\ud83d\ude10", 
"\u260e", "\ud83c\udf82", "\u2708\ufe0f", "\ud83d\udc36", "\u26bd", 

"[X]", "", "", "", "", 
"", "", "", "", "", 
"", "", "", "", "", 

"\ud83c\udf29\ufe0f", "[X]", "\u2614", "\ud83c\udf39", "\ud83d\udc90", 
"\ud83d\udc83", "\ud83d\udd76", "\ud83c\udf02", "\ud83c\udf24\ufe0f", "\ud83d\udcab", 
"\ud83d\ude18", "\ud83d\udc8b", "\u2600\ufe0f\ufe0f", "\ud83d\udc8f", "\u2764\ufe0f", 

"", "", "[X]", "", "", 
"", "", "", "", "", 
"", "", "", "", "", 

"\ud83e\udd19", "\ud83d\udc46", "\ud83d\udc4c", "[X]", "\ud83d\udc4e", 
"\u261d\ufe0f", "\u270d\ufe0f", "\ud83d\udcaa", "\ud83d\udd90\ufe0f", "\ud83e\udd1d", 
"\ud83d\udc4c", "\ud83d\udc4f", "\u270c\ufe0f", "\u270b", "\ud83d\udc4b\ufe0f", 

"\ud83c\udf99", "\ud83c\udfa4", "\ud83c\udf9b", "\u2669", "[X]", 
"\u266a", "\ud83c\udfb6", "\u266b", "\ud83c\udfbc", "\u266c", 
"\ud83c\udfb8", "\ud83e\udd41", "\ud83c\udfb7", "\ud83c\udfba", "\ud83c\udfbb", 

"\ud83d\ude32", "\ud83d\ude35", "\ud83d\ude1f", "\ud83d\ude13", "\ud83d\ude16", 
"[X]", "_Fn", "_ShiftDown", "_Settings", "_Hide", 
"\ud83d\ude1e", "\ud83d\ude16", "\ud83d\ude22", "\ud83d\ude27", "\ud83d\ude20", 

"", "", "", "", "", 
"", "[X]", "", "", "", 
"", "", "", "", "", 

"\ud83d\ude0b", "\ud83d\ude0e", "\ud83d\ude09", "\ud83d\ude04", "\ud83d\ude00", 
"_Shift", "_abc123", "[X]", "_Repeat", "", 
"\ud83d\ude1b", "", "", "", "", 

"", "", "", "", "", 
"", "", "", "[X]", "", 
"", "", "", "", "", 

"\ud83c\uddf7\ud83c\uddfa", "\ud83d\ude48", "\ud83d\udcd6", "\u2764\ufe0f", "\ud83d\ude0a", 
"\ud83d\ude98", "\ud83d\ude4a", "\ud83d\udcb5", "\ud83e\udd14", "...", 
"\u26f1\ufe0f", "\ud83d\ude49", "\ud83d\udc8e", "\ud83d\udd2c", "\ud83d\ude0d", 

"\ud83d\udc88", "\ud83c\udfa7", "\ud83d\udcfd\ufe0f", "\ud83d\udcf7", "\ud83d\udca1", 
"\ud83d\udcfa", "\ud83d\udcf1", "\ud83d\udcbb", "\ud83d\udcfb", "\ud83d\udce2", 
"[X]", "\ud83d\udcfe", "\ud83d\udda8", "\ud83d\udd26", "\ud83d\udd0b", 

"\ud83c\udf75", "\ud83c\udf7b", "\ud83c\udf77", "\ud83c\udf79", "\ud83c\udf78", 
"\ud83e\udd42", "\ud83c\udf7e", "\ud83c\udf7c", "\ud83c\udf7d\ufe0f", "\ud83c\udf68", 
"\ud83c\udf70", "[X]", "\ud83c\udf7f", "\ud83c\udf69", "\ud83e\udd5b", 

"\u26f4\ufe0f", "\ud83d\ude81", "\ud83d\ude8b", "\ud83d\ude82", "\ud83d\ude97", 
"\ud83d\ude8c", "\ud83d\udeb2", "\ud83d\ude9c", "\u26f5", "\ud83d\uddfa\ufe0f", 
"\ud83c\udfdd\ufe0f", "\ud83c\udfd6\ufe0f", "[X]", "\ud83d\uddfd", "\ud83c\udfd4\ufe0f", 

"\ud83d\udc31", "\ud83d\udc0e", "\ud83d\udc25", "\ud83d\udc2f", "\ud83d\udc1d", 
"\ud83d\udc27", "\ud83d\udc15",

 "\ud83d\udc22", "\ud83e\udd89", "\ud83d\udc0c", "\ud83d\udc08", "\ud83d\udc3c", 
"\ud83d\udc27", "[X]", "\ud83d\udc37", "\ud83d\udeb4", "\ud83c\udfc7", 
"\u26f7\ufe0f", "\ud83c\udfca", "\ud83c\udfcc\ufe0f", "\u26f8\ufe0f", "\ud83c\udfc3", 

"\ud83c\udfbf", "\ud83c\udfd2", "\ud83c\udfc6", "\ud83c\udfbe", "\u26be", 
"\ud83c\udfc8", "\ud83c\udfc0", "[X]", ":)", ""]}}

