{"metadata":{

"format":"10",
"iso6391":"asm",
"name":"Assamese",
"description":"\u0985\u09b8\u09ae\u09c0\u09af\u09bc\u09be",
"group":"Optimized",
"version":"3.3",
"author":"Seppo Tiainen",
"info":"  -  The ComboKey keymap for Assamese  (from format 10 and version 5.0 up)  -  Last modified 2019-10-24 at 15:34",
"extra":[

"-",
"dev",
"as",
"IN",
"India",
"India",
"-",
"-",
"-",
"-",
"-",
"-",
"-",
"-",
"-",
"-",
"-"]},

"lowercase":{

"map":[

"Pressed key = [X]. Clear from template = []. Three keypad colums: Left Center Right x 15",

 "\u0985", "\u099a", "\u0989", "\u0995", "\u0993", 
"\u099f", "_BS", "\u09af", " ", "...", 
"\u0987", "\u09a4", "\u098f", "\u09aa", "\u098b", 

"[X]", "", "", "", "", 
"\u09a2", "_", "[1-8]", "\u02c6", "\u00a8", 
"_Up", "\u09a5", "\u0986", "\u09ab", "\u098b", 

"", "[X]", "", "", "", 
"[2-6]", "_SYMB", "[2-8]", "", "", 
"\u099b", "\u099e", "\u099c", "\u09ae", "\u099d", 

"", "", "[X]", "", "_Left", 
"\u09b2", "\u00b4", "\u09a7", ":", "", 
"\u0988", "\u09a6", "_Shift", "\u09ac", "\u098a", 

"", "", "", "[X]", "", 
"[4-6]", "", "[4-8]", "", "", 
"\u0996", "\u09a8", "\u0997", "\u0919", "\u0998", 

"", "", "_Left", "", "[X]", 
"\u09a0", "|", "[5-8]", ";", "", 
"\u0994", "\u09a7", "\u0990", "\u09ad", "_Down", 

"\u09a2", "[6-2]", "[6-3]", "[6-4]", "\u09a0", 
"[X]", "_Fn", "_ShiftDown", "_Settings", "_Hide", 
"\u09a0", "\u09a3", "\u09a1", "\u095d", "\u09a2", 

"_Record", "_Clear", "_Translate", "_Esc", "_Search", 
"_Shift", "[X]", "_Lang", "_abc123", "_Ctrl", 
"_Play", "_Del", "_Copy", "_Alt", "_Paste", 

"[8-1]", "[8-2]", "\u09a7", "[8-4]", "\u09b2", 
"_Shift", "_abc123", "[X]", "_Repeat", "_User", 
"\u09b0", "\u09b9", "\u09b2", "\u0933", "\u09ac", 

"_WLeft", "_SYMB", "_Tab", "_Left", "_Home", 
"_Keyboard", "_abc123", "_Up", "[X]", "_Down", 
"_WRight", "_Emoji", "_Enter", "_Right", "_End", 

"\u0964", "\u0983", "\u0965", "\u094d", "\u09b6", 
"\u093d", "\u0982", "\u25cc\u0952", "\u093c", "", 
".", "\u0981", "\u09b7", "\u0902", "\u09b8", 

"_Up", "\u099b", "\u0988", "\u0996", "\u0994", 
"\u09a0", "\"", "\u09b0", "\u02c7", "~", 
"[X]", "", "", "", "", 

"\u09a5", "\u099e", "\u09a6", "\u09a8", "\u09a7", 
"\u09a3", "_Emoji", "\u09b9", "", "", 
"", "[X]", "", "", "", 

"\u0986", "\u099c", "_Shift", "\u0997", "\u0990", 
"\u09a1", "`", "\u09b2", ";", "", 
"", "", "[X]", "", "_Right", 

"\u09ab", "\u09ae", "\u09ac", "\u0919", "\u09ad", 
"\u095d", "", "\u0933", "", "", 
"", "", "", "[X]", "", 

"\u098b", "\u099d", "\u098a", "\u0998", "_Down", 
"\u09a2", "~", "\u09ac", ":", "", 
"", "", "_Right", "", "[X]", 

"\u09ac\u09b0\u09cd\u09a3", ""]},

"uppercase":{

"map":[

"Pressed key = [X]. ree keypad colums: Left Center Ri x 15",

 "\u0981", "\u099c\u09cd\u099e", "\u0982", "\u0995\u09cd\u09b7", "\u09df", 
"", "_BS", "\u0950", " ", "...", 
"\u0902", "\u09a4\u09cd\u09b0", "", "\u09b6\u09cd\u09b0", "", 

"[X]", "", "", "", "", 
"", "-", "[1-8]", "\u02c6", "\u00a8", 
"_Up", "", "\u0983", "", "", 

"", "[X]", "", "", "", 
"[2-6]", "_SYMB", "[2-8]", "", "", 
"", "_PgUp", "", "`", "", 

"", "", "[X]", "", "_Left", 
"", "\u00b4", "", ".", "", 
"", "", "_Shift", "", "\u09bc", 

"", "", "", "[X]", "", 
"[4-6]", "", "[4-8]", "", "", 
"", "\u00b4", "", "_PgDn", "", 

"", "", "_Left", "", "[X]", 
"", "|", "[5-8]", ",", "", 
"", "", "", "", "_Down", 

"", "[6-2]", "[6-3]", "[6-4]", "", 
"[X]", "_Fn", "_ShiftDown", "_Settings", "_Hide", 
"", "", "", "", "", 

"_Record", "_Clear", "_Translate", "_Esc", "_Search", 
"_Shift", "[X]", "_Lang", "_abc123", "_Ctrl", 
"_Play", "_Del", "_Copy", "_Alt", "_Paste", 

"[8-1]", "[8-2]", "", "[8-4]", "", 
"_Shift", "_abc123", "[X]", "_Repeat", "_User", 
"", "_Ins", "", "", "", 

"_WLeft", "_SYMB", "_Tab", "_Left", "_Home", 
"_Keyboard", "_abc123", "_Up", "[X]", "_Down", 
"_WRight", "_Emoji", "_Enter", "_Right", "_End", 

"\u0964", "\u0983", "\u0965", "\u094d", "\u09b6", 
"\u093d", "\u0982", "\u25cc\u0952", "\u093c", "", 
".", "\u0981", "\u09b7", "\u0902", "\u09b8", 

"_Up", "", "", "", "", 
"", "'", "", "\u02c7", "~", 
"[X]", "", "", "", "", 

"", "_PgUp", "", "\u00b4", "", 
"", "_Emoji", "_Ins", "", "", 
"", "[X]", "", "", "", 

"\u0983", "", "_Shift", "", "", 
"", "`", "", ",", "", 
"", "", "[X]", "", "_Right", 

"", "`", "", "_PgDn", "", 
"", "", "", "", "", 
"", "", "", "[X]", "", 

"", "", "\u09bc", "", "_Down", 
"", "~", "", ".", "", 
"", "", "_Right", "", "[X]", 

"\u0985\u09a8\u09cd\u09af", ""]},

"capslock":{

"map":[

"Pressed key = [X]. Three keypad colums: Left Center Right x 15",

 "\u09be", "\u099a", "\u09c1", "\u0995", "\u09cb", 
"\u099f", "_BS", "\u09df", " ", "...", 
"\u09bf", "\u09a4", "\u09c7", "\u09aa", "\u09c3", 

"[X]", "", "", "", "", 
"\u09a2", "_", "[1-8]", "\u02c6", "\u00a8", 
"_Up", "\u09a5", "\u09cd", "\u09ab", "\u0944", 

"", "[X]", "", "", "", 
"[2-6]", "_SYMB", "[2-8]", "", "", 
"\u099b", "\u099e", "\u099c", "\u09ae", "\u099d", 

"", "", "[X]", "", "_Left", 
"\u09b2", "\u00b4", "\u09a7", ":", "", 
"\u09c0", "\u09a6", "_Shift", "\u09ac", "\u09c2", 

"", "", "", "[X]", "", 
"[4-6]", "", "[4-8]", "", "", 
"\u0996", "\u09a8", "\u0997", "\u0999", "\u0998", 

"", "", "_Left", "", "[X]", 
"\u09a0", "|", "[5-8]", ";", "", 
"\u09cc", "\u09a7", "\u09c8", "\u09ad", "_Down", 

"\u09a2", "[6-2]", "[6-3]", "[6-4]", "\u09a0", 
"[X]", "_Fn", "_ShiftDown", "_Settings", "_Hide", 
"\u09a0", "\u09a3", "\u09a1", "\u095d", "\u09a2", 

"_Record", "_Clear", "_Translate", "_Esc", "_Search", 
"_Shift", "[X]", "_Lang", "_abc123", "_Ctrl", 
"_Play", "_Del", "_Copy", "_Alt", "_Paste", 

"[8-1]", "[8-2]", "\u09a7", "[8-4]", "\u09b2", 
"_Shift", "_abc123", "[X]", "_Repeat", "_User", 
"\u09f0", "\u09b9", "\u09b2", "\u09df", "\u09f1", 

"_WLeft", "_SYMB", "_Tab", "_Left", "_Home", 
"_Keyboard", "_abc123", "_Up", "[X]", "_Down", 
"_WRight", "_Emoji", "_Enter", "_Right", "_End", 

"\u0964", "\u0983", "\u0965", "\u094d", "\u09b6", 
"\u093d", "\u0982", "\u25cc\u0952", "\u093c", "", 
".", "\u0981", "\u09b7", "\u0902", "\u09b8", 

"_Up", "\u099b", "\u09c0", "\u0996", "\u09cc", 
"\u09a0", "\"", "\u09f0", "\u02c7", "~", 
"[X]", "", "", "", "", 

"\u09a5", "\u099e", "\u09a6", "\u09a8", "\u09a7", 
"\u09a3", "_Emoji", "\u09b9", "", "", 
"", "[X]", "", "", "", 

"\u09cd", "\u099c", "_Shift", "\u0997", "\u09c8", 
"\u09a1", "`", "\u09b2", ";", "", 
"", "", "[X]", "", "_Right", 

"\u09ab", "\u09ae", "\u09ac", "\u0999", "\u09ad", 
"\u095d", "", "\u09df", "", "", 
"", "", "", "[X]", "", 

"\u0944", "\u099d", "\u09c2", "\u0998", "_Down", 
"\u09a2", "~", "\u09f1", ":", "", 
"", "", "_Right", "", "[X]", 

"\u09ac\u09b0\u09cd\u09a3\u09e8", ""]},

"numbers":{

"map":[

"Pressed key = [X]. Three keypad colums: Left Center Right x 15",

 "\u09e7", "+", "\u09ea", "*", "\u09ed", 
"\u09e8", "_BS", "\u09eb", " ", "\u09ee", 
"\u09e9", "\u09e6", "\u09ec", "#", "\u09ef", 

"[X]", "", "", "", "", 
"", "_", "\u2030", " ", "&", 
"_Up", "\u2030", "-", "&", "?", 

"", "[X]", "", "", "", 
"", "_SYMB", "\u00b0", "", "+", 
"%", "_PgUp", "=", "\\", "^", 

"", "", "[X]", "", "_Left", 
"", "\"", "", ":", "/", 
"'", "\u00ae", "_Shift", "@", ".", 

"", "", "", "[X]", "", 
"", "", "\u00a7", "", "*", 
"$", "/", "\u20ac", "_PgDn", "\u00a3", 

"", "", "_Left", "", "[X]", 
"", "", "<", ";", "(", 
"!", "\u00a9", ",", "\u00bd", "_Down", 

"[", "<", "{", "\u00ab", "\u00a7", 
"[X]", "_Fn", "_ShiftDown", "_Settings", "_Hide", 
"]", ">", "}", "\u00bb", "\u00b5", 

"_Call", "_Clear", "_Translate", "_Esc", "_Search", 
"_Shift", "[X]", "_Lang", "_abc123", "_Ctrl", 
"_Play", "_Del", "_Copy", "_Alt", "_Paste", 

"\u2030", "\u00b0", "{", "\u00a7", "<", 
"_Shift", "_abc123", "[X]", "_Repeat", "_User", 
"%", "~", "}", "\u00b5", ">", 

"_WLeft", "_SYMB", "_Tab", "_Left", "_Home", 
"_Keyboard", "_abc123", "_Up", "[X]", "_Down", 
"_WRight", "_Emoji", "_Enter", "_Right", "_End", 

"&", "+", "/", "*", "(", 
"$", "\u00a3", "\u20ac", ":", "[X]", 
"%", "=", "@", "#", ")", 

"_Up", "%", "'", "$", "!", 
"", "\"", "%", "", "%", 
"[X]", "", "", "", "", 

"\u2030", "_PgUp", "\u00ae", "/", "\u00a9", 
"", "_Emoji", "", "", "=", 
"", "[X]", "", "", "", 

"-", "=", "_Shift", "\u20ac", ",", 
">", "_", "}", ";", "@", 
"", "", "[X]", "", "_Right", 

"\u00bd", "\\", "@", "_PgDn", "&", 
"\u00b5", "", "", "", "#", 
"", "", "", "[X]", "", 

"?", "^", ".", "\u00a3", "_Down", 
"", "~", ">", ":", ")", 
"", "", "_Right", "", "[X]", 

"\u0967\u0968\u0969", ""]},

"symbols":{

"map":[

"Pressed key = [X]. Three keypad colums: Left Center Right x 15",

 "1", "+", "4", "*", "7", 
"2", "_BS", "5", " ", "8", 
"3", "0", "6", "#", "9", 

"[X]", "", "", "", "", 
"", "-", "\u2030", " ", "&", 
"_Up", "\u2030", "\u00bb", "&", "~", 

"", "[X]", "", "", "", 
"", "_SYMB", "\u00b0", "", "+", 
"%", "_PgUp", "=", "\\", "^", 

"", "", "[X]", "", "_Left", 
"", "'", "", ".", "/", 
"\u00ab", "\u00ae", "_Shift", "@", ":", 

"", "", "", "[X]", "", 
"", "", "\u00a7", "", "*", 
"$", "/", "\u20ac", "_PgDn", "\u00a3", 

"", "", "_Left", "", "[X]", 
"", "", "<", ",", "(", 
"|", "\u00a9", ";", "\u00bd", "_Down", 

"[", "<", "{", "\u00ab", "(", 
"[X]", "_Fn", "_ShiftDown", "_Settings", "_Hide", 
"]", ">", "}", "\u00bb", ")", 

"_Record", "_Clear", "_Translate", "_Esc", "_Search", 
"_Shift", "[X]", "_Lang", "_abc123", "_Ctrl", 
"_Play", "_Del", "_Copy", "_Alt", "_Paste", 

"\u2030", "\u00b0", "{", "\u00a7", "<", 
"_Shift", "_abc123", "[X]", "_Repeat", "_User", 
"%", "~", "}", "\u00b5", ">", 

"_WLeft", "_SYMB", "_Tab", "_Left", "_Home", 
"_Keyboard", "_abc123", "_Up", "[X]", "_Down", 
"_WRight", "_Emoji", "_Enter", "_Right", "_End", 

"[", "<", "{", "\u00ab", "(", 
"\u00a4", "|", "", "", "[X]", 
"]", ">", "}", "\u00bb", ")", 

"_Up", "%", "\u00ab", "$", "|", 
"", "'", "%", "", "%", 
"[X]", "", "", "", "", 

"\u2030", "_PgUp", "\u00ae", "/", "\u00a9", 
"", "_Emoji", "", "", "=", 
"", "[X]", "", "", "", 

"\u00bb", "=", "_Shift", "\u20ac", ";", 
">", "-", "}", ",", "@", 
"", "", "[X]", "", "_Right", 

"&", "\\", "@", "_PgDn", "\u00bd", 
"\u00b5", "", "", "", "#", 
"", "", "", "[X]", "", 

"~", "^", ":", "\u00a3", "_Down", 
"", "~", ">", ".", ")", 
"", "", "_Right", "", "[X]", 

"#@", ""]},

"emojis":{

"map":[

"Pressed key = [X]. Three keypad colums: Left Center Right x 15",

 "\ud83c\udd97", "\u2665", "", "\ud83d\udc4d", "\ud83c\udfb9", 
"\ud83d\ude41", "_abc123", "\ud83d\ude42", "", "\ud83d\ude10", 
"\u260e", "\ud83c\udf82", "\u2708\ufe0f", "\ud83d\udc36", "\u26bd", 

"[X]", "", "", "", "", 
"", "", "", "", "", 
"", "", "", "", "", 

"\ud83c\udf29\ufe0f", "[X]", "\u2614", "\ud83c\udf39", "\ud83d\udc90", 
"\ud83d\udc83", "\ud83d\udd76", "\ud83c\udf02", "\ud83c\udf24\ufe0f", "\ud83d\udcab", 
"\ud83d\ude18", "\ud83d\udc8b", "\u2600\ufe0f\ufe0f", "\ud83d\udc8f", "\u2764\ufe0f", 

"", "", "[X]", "", "", 
"", "", "", "", "", 
"", "", "", "", "", 

"\ud83e\udd19", "\ud83d\udc46", "\ud83d\udc4c", "[X]", "\ud83d\udc4e", 
"\u261d\ufe0f", "\u270d\ufe0f", "\ud83d\udcaa", "\ud83d\udd90\ufe0f", "\ud83e\udd1d", 
"\ud83d\udc4c", "\ud83d\udc4f", "\u270c\ufe0f", "\u270b", "\ud83d\udc4b\ufe0f", 

"\ud83c\udf99", "\ud83c\udfa4", "\ud83c\udf9b", "\u2669", "[X]", 
"\u266a", "\ud83c\udfb6", "\u266b", "\ud83c\udfbc", "\u266c", 
"\ud83c\udfb8", "\ud83e\udd41", "\ud83c\udfb7", "\ud83c\udfba", "\ud83c\udfbb", 

"\ud83d\ude32", "\ud83d\ude35", "\ud83d\ude1f", "\ud83d\ude13", "\ud83d\ude16", 
"[X]", "_Fn", "_ShiftDown", "_Settings", "_Hide", 
"\ud83d\ude1e", "\ud83d\ude16", "\ud83d\ude22", "\ud83d\ude27", "\ud83d\ude20", 

"", "", "", "", "", 
"", "[X]", "", "", "", 
"", "", "", "", "", 

"\ud83d\ude0b", "\ud83d\ude0e", "\ud83d\ude09", "\ud83d\ude04", "\ud83d\ude00", 
"_Shift", "_abc123", "[X]", "_Repeat", "", 
"\ud83d\ude1b", "", "", "", "", 

"", "", "", "", "", 
"", "", "", "[X]", "", 
"", "", "", "", "", 

":-)", "\ud83d\ude48", "\ud83d\udcd6", "\u2764\ufe0f", "\ud83d\ude0a", 
"\ud83d\ude98", "\ud83d\ude4a", "\ud83d\udcb5", "\ud83e\udd14", "...", 
"\u26f1\ufe0f", "\ud83d\ude49", "\ud83d\udc8e", "\ud83d\udd2c", "\ud83d\ude0d", 

"\ud83d\udc88", "\ud83c\udfa7", "\ud83d\udcfd\ufe0f", "\ud83d\udcf7", "\ud83d\udca1", 
"\ud83d\udcfa", "\ud83d\udcf1", "\ud83d\udcbb", "\ud83d\udcfb", "\ud83d\udce2", 
"[X]", "\ud83d\udcfe", "\ud83d\udda8", "\ud83d\udd26", "\ud83d\udd0b", 

"\ud83c\udf75", "\ud83c\udf7b", "\ud83c\udf77", "\ud83c\udf79", "\ud83c\udf78", 
"\ud83e\udd42", "\ud83c\udf7e", "\ud83c\udf7c", "\ud83c\udf7d\ufe0f", "\ud83c\udf68", 
"\ud83c\udf70", "[X]", "\ud83c\udf7f", "\ud83c\udf69", "\ud83e\udd5b", 

"\u26f4\ufe0f", "\ud83d\ude81", "\ud83d\ude8b", "\ud83d\ude82", "\ud83d\ude97", 
"\ud83d\ude8c", "\ud83d\udeb2", "\ud83d\ude9c", "\u26f5", "\ud83d\uddfa\ufe0f", 
"\ud83c\udfdd\ufe0f", "\ud83c\udfd6\ufe0f", "[X]", "\ud83d\uddfd", "\ud83c\udfd4\ufe0f", 

"\ud83d\udc31", "\ud83d\udc0e", "\ud83d\udc25", "\ud83d\udc2f", "\ud83d\udc1d", 
"\ud83d\udc27", "\ud83d\udc15",

 "\ud83d\udc22", "\ud83e\udd89", "\ud83d\udc0c", "\ud83d\udc08", "\ud83d\udc3c", 
"\ud83d\udc27", "[X]", "\ud83d\udc37", "\ud83d\udeb4", "\ud83c\udfc7", 
"\u26f7\ufe0f", "\ud83c\udfca", "\ud83c\udfcc\ufe0f", "\u26f8\ufe0f", "\ud83c\udfc3", 

"\ud83c\udfbf", "\ud83c\udfd2", "\ud83c\udfc6", "\ud83c\udfbe", "\u26be", 
"\ud83c\udfc8", "\ud83c\udfc0", "[X]", ":)", ""]}}

