{"metadata":{

"format":"10",
"iso6391":"ml",
"name":"Malayalam",
"description":"\u0d2e\u0d32\u0d2f\u0d3e\u0d33\u0d02",
"group":"Optimized",
"version":"3.2",
"author":"Seppo Tiainen",
"info":"  -  The ComboKey keymap for Malayalam  (from format 10 and version 5.0 up)  -  Last modified 2019-10-24 at 15:34",
"extra":[

"-",
"dev",
"ml",
"IN",
"India",
"India",
"-",
"-",
"-",
"-",
"-",
"-",
"-",
"-",
"-",
"-",
"-"]},

"lowercase":{

"map":[

"Pressed key = [X]. Clear from template = []. Three keypad colums: Left Center Right x 15",

 "\u0d05", "\u0d1a", "\u0d09", "\u0d15",

 "\u0d13", "\u0d1f", "_BS", "\u0d2f", " ", 
"...", "\u0d07", "\u0d24", "\u0d13", "\u0d2a", 
"\u0d0b", "[X]", "", "", "", 

"", "\u0d22", "_", "[1-8]", "\u02c6", 
"\u00a8", "_Up", "\u0d25", "\u0d06", "\u0d2a", 
"\u0d0b", "", "[X]", "", "", 

"", "[2-6]", "_SYMB", "[2-8]", "", 
"", "\u0d1b", "\u0d1e", "\u0d1c", "\u0d2e", 
"\u0d1d", "", "", "[X]", "", 

"_Left", "\u0d38", "\u00b4", "\u0d27", ":", 
"", "\u0d08", "\u0d26", "_Shift", "\u0d39", 
"\u0d0a", "", "", "", "[X]", 

"", "[4-6]", "", "[4-8]", "", 
"", "\u0d16", "\u0d28", "\u0d17", "\u0d19", 
"\u0d18", "", "", "_Left", "", 

"[X]", "\u0d20", "|", "[5-8]", ";", 
"", "\u0d14", "\u0d27", "\u0d10", "\u0d19", 
"_Down", "\u0d22", "[6-2]", "[6-3]", "[6-4]", 

"\u0d20", "[X]", "_Fn", "_ShiftDown", "_Settings", 
"_Hide", "\u0d20", "\u0923", "\u0d21", "\u095d", 
"\u0d22", "_Record", "_Clear", "_Translate", "_Esc", 

"_Search", "_Shift", "[X]", "_Lang", "_abc123", 
"_Ctrl", "_Play", "_Del", "_Copy", "_Alt", 
"_Paste", "[8-1]", "[8-2]", "\u0d27", "[8-4]", 

"\u0d38", "_Shift", "_abc123", "[X]", "_Repeat", 
"_User", "\u0d30", "\u0d39", "\u0d38", "\u0933", 
"\u0d32", "_WLeft", "_SYMB", "_Tab", "_Left", 

"_Home", "_Keyboard", "_abc123", "_Up", "[X]", 
"_Down", "_WRight", "_Emoji", "_Enter", "_Right", 
"_End", "\u0964", "\u0903", "\u0965", "\u094d", 

"\u0d33", "\u093d", "\u25cc\u0951", "\u25cc\u0952", "\u093c", 
"", ".", "\u0901", "\u0d36", "\u0902", 
"\u0d32", "_Up", "\u0d1b", "\u0d08", "\u0d16", 

"\u0d14", "\u0d20", "\"", "\u0d30", "\u02c7", 
"~", "[X]", "", "", "", 
"", "\u0d25", "\u0d1e", "\u0d26", "\u0d28", 

"\u0d27", "\u0923", "_Emoji", "\u0d39", "", 
"", "", "[X]", "", "", 
"", "\u0d06", "\u0d1c", "_Shift", "\u0d17", 

"\u0d10", "\u0d21", "`", "\u0d38", ";", 
"", "", "", "[X]", "", 
"_Right", "\u0d2a", "\u0d2e", "\u0d39", "\u0d19", 

"\u0d19", "\u095d", "", "\u0933", "", 
"", "", "", "", "[X]", 
"", "\u0d0b", "\u0d1d", "\u0d0a", "\u0d18", 

"_Down", "\u0d22", "~", "\u0d32", ":", 
"", "", "", "_Right", "", 
"[X]", "\u0d32\u0d30\u0d4d", ""]},

"uppercase":{

"map":[

"Pressed key = [X]. ree keypad colums: Left Center Ri x 15",

 "", "\u091c\u094d\u091e", "", "\u0915\u094d\u0937", "", 
"", "_BS", "\u0950", " ", "...", 
"", "\u0924\u094d\u0930", "", "\u0936\u094d\u0930", "", 

"[X]", "", "", "", "", 
"", "-", "[1-8]", "\u02c6", "\u00a8", 
"_Up", "", "\u0903", "", "\u0949", 

"", "[X]", "", "", "", 
"[2-6]", "_SYMB", "[2-8]", "", "", 
"", "_PgUp", "", "`", "", 

"", "", "[X]", "", "_Left", 
"", "\u00b4", "", ".", "", 
"\u0954", "", "_Shift", "", "\u093c", 

"", "", "", "[X]", "", 
"[4-6]", "", "[4-8]", "", "", 
"", "\u00b4", "", "_PgDn", "", 

"", "", "_Left", "", "[X]", 
"", "|", "[5-8]", ",", "", 
"\u0963", "", "\u0945", "", "_Down", 

"", "[6-2]", "[6-3]", "[6-4]", "", 
"[X]", "_Fn", "_ShiftDown", "_Settings", "_Hide", 
"", "", "", "", "", 

"_Record", "_Clear", "_Translate", "_Esc", "_Search", 
"_Shift", "[X]", "_Lang", "_abc123", "_Ctrl", 
"_Play", "_Del", "_Copy", "_Alt", "_Paste", 

"[8-1]", "[8-2]", "", "[8-4]", "", 
"_Shift", "_abc123", "[X]", "_Repeat", "_User", 
"", "_Ins", "", "", "", 

"_WLeft", "_SYMB", "_Tab", "_Left", "_Home", 
"_Keyboard", "_abc123", "_Up", "[X]", "_Down", 
"_WRight", "_Emoji", "_Enter", "_Right", "_End", 

"\u0964", "\u0903", "\u0965", "\u094d", "\u0d33", 
"\u093d", "\u25cc\u0951", "\u25cc\u0952", "\u093c", "", 
".", "\u0901", "\u0d36", "\u0902", "\u0d32", 

"_Up", "", "\u0954", "", "\u0963", 
"", "'", "", "\u02c7", "~", 
"[X]", "", "", "", "", 

"", "_PgUp", "", "\u00b4", "", 
"", "_Emoji", "_Ins", "", "", 
"", "[X]", "", "", "", 

"\u0903", "", "_Shift", "", "\u0945", 
"", "`", "", ",", "", 
"", "", "[X]", "", "_Right", 

"", "`", "", "_PgDn", "", 
"", "", "", "", "", 
"", "", "", "[X]", "", 

"\u0949", "", "\u093c", "", "_Down", 
"", "~", "", ".", "", 
"", "", "_Right", "", "[X]", 

"\u0905\u0928\u094d\u092f", ""]},

"capslock":{

"map":[

"Pressed key = [X]. Three keypad colums: Left Center Right x 15",

 "\u0d06", "\u0d1a", "\u0d41", "\u0d15",

 "\u0d4b", "\u0d1f", "_BS", "\u0d2f", " ", 
"...", "\u0d3f", "\u0d24", "\u0d47", "\u0d2a", 
"\u0d43", "[X]", "", "", "", 

"", "\u0d22", "_", "[1-8]", "\u02c6", 
"\u00a8", "_Up", "\u0d25", "\u094d", "\u0d2a", 
"", "", "[X]", "", "", 

"", "[2-6]", "_SYMB", "[2-8]", "", 
"", "\u0d1b", "\u0d1e", "\u0d1c", "\u0d2e", 
"\u0d1d", "", "", "[X]", "", 

"_Left", "\u0d38", "\u00b4", "\u0d27", ":", 
"", "\u0d40", "\u0d26", "_Shift", "\u0d39", 
"\u0d42", "", "", "", "[X]", 

"", "[4-6]", "", "[4-8]", "", 
"", "\u0d16", "\u0d28", "\u0d17", "\u0d19", 
"\u0d18", "", "", "_Left", "", 

"[X]", "\u0d20", "|", "[5-8]", ";", 
"", "\u0d4c", "\u0d27", "\u0d48", "\u0d19", 
"_Down", "\u0d22", "[6-2]", "[6-3]", "[6-4]", 

"\u0d20", "[X]", "_Fn", "_ShiftDown", "_Settings", 
"_Hide", "\u0d20", "\u0923", "\u0d21", "\u095d", 
"\u0d22", "_Record", "_Clear", "_Translate", "_Esc", 

"_Search", "_Shift", "[X]", "_Lang", "_abc123", 
"_Ctrl", "_Play", "_Del", "_Copy", "_Alt", 
"_Paste", "[8-1]", "[8-2]", "\u0d27", "[8-4]", 

"\u0d38", "_Shift", "_abc123", "[X]", "_Repeat", 
"_User", "\u0d30", "\u0d39", "\u0d38", "\u0933", 
"\u0d32", "_WLeft", "_SYMB", "_Tab", "_Left", 

"_Home", "_Keyboard", "_abc123", "_Up", "[X]", 
"_Down", "_WRight", "_Emoji", "_Enter", "_Right", 
"_End", "\u0964", "\u0903", "\u0965", "\u094d", 

"\u0d33", "\u093d", "\u25cc\u0951", "\u25cc\u0952", "\u093c", 
"", ".", "\u0901", "\u0d36", "\u0902", 
"\u0d32", "_Up", "\u0d1b", "\u0d40", "\u0d16", 

"\u0d4c", "\u0d20", "\"", "\u0d30", "\u02c7", 
"~", "[X]", "", "", "", 
"", "\u0d25", "\u0d1e", "\u0d26", "\u0d28", 

"\u0d27", "\u0923", "_Emoji", "\u0d39", "", 
"", "", "[X]", "", "", 
"", "\u094d", "\u0d1c", "_Shift", "\u0d17", 

"\u0d48", "\u0d21", "`", "\u0d38", ";", 
"", "", "", "[X]", "", 
"_Right", "\u0d2a", "\u0d2e", "\u0d39", "\u0d19", 

"\u0d19", "\u095d", "", "\u0933", "", 
"", "", "", "", "[X]", 
"", "", "\u0d1d", "\u0d42", "\u0d18", 

"_Down", "\u0d22", "~", "\u0d32", ":", 
"", "", "", "_Right", "", 
"[X]", "\u0d32\u0d30\u0d4d\u0d68", ""]},

"numbers":{

"map":[

"Pressed key = [X]. Three keypad colums: Left Center Right x 15",

 "\u0d67", "+", "\u0d6a", "*", "\u0d6d", 
"\u0d68", "_BS", "\u0d6b\u096b", " ", "\u0d6e", 
"\u0d69", "\u0d66", "\u0d6c", "#", "\u0d6f", 

"[X]", "", "", "", "", 
"", "_", "\u2030", " ", "&", 
"_Up", "\u2030", "-", "&", "?", 

"", "[X]", "", "", "", 
"", "_SYMB", "\u00b0", "", "+", 
"%", "_PgUp", "=", "\\", "^", 

"", "", "[X]", "", "_Left", 
"", "\"", "", ":", "/", 
"'", "\u00ae", "_Shift", "@", ".", 

"", "", "", "[X]", "", 
"", "", "\u00a7", "", "*", 
"$", "/", "\u20ac", "_PgDn", "\u00a3", 

"", "", "_Left", "", "[X]", 
"", "", "<", ";", "(", 
"!", "\u00a9", ",", "\u00bd", "_Down", 

"[", "<", "{", "\u00ab", "\u00a7", 
"[X]", "_Fn", "_ShiftDown", "_Settings", "_Hide", 
"]", ">", "}", "\u00bb", "\u00b5", 

"_Call", "_Clear", "_Translate", "_Esc", "_Search", 
"_Shift", "[X]", "_Lang", "_abc123", "_Ctrl", 
"_Play", "_Del", "_Copy", "_Alt", "_Paste", 

"\u2030", "\u00b0", "{", "\u00a7", "<", 
"_Shift", "_abc123", "[X]", "_Repeat", "_User", 
"%", "~", "}", "\u00b5", ">", 

"_WLeft", "_SYMB", "_Tab", "_Left", "_Home", 
"_Keyboard", "_abc123", "_Up", "[X]", "_Down", 
"_WRight", "_Emoji", "_Enter", "_Right", "_End", 

"&", "+", "/", "*", "(", 
"$", "\u00a3", "\u20ac", ":", "[X]", 
"%", "=", "@", "#", ")", 

"_Up", "%", "'", "$", "!", 
"", "\"", "%", "", "%", 
"[X]", "", "", "", "", 

"\u2030", "_PgUp", "\u00ae", "/", "\u00a9", 
"", "_Emoji", "", "", "=", 
"", "[X]", "", "", "", 

"-", "=", "_Shift", "\u20ac", ",", 
">", "_", "}", ";", "@", 
"", "", "[X]", "", "_Right", 

"\u00bd", "\\", "@", "_PgDn", "&", 
"\u00b5", "", "", "", "#", 
"", "", "", "[X]", "", 

"?", "^", ".", "\u00a3", "_Down", 
"", "~", ">", ":", ")", 
"", "", "_Right", "", "[X]", 

"\u0d67\u0d68\u0d69", ""]},

"symbols":{

"map":[

"Pressed key = [X]. Three keypad colums: Left Center Right x 15",

 "1", "+", "4", "*", "7", 
"2", "_BS", "5", " ", "8", 
"3", "0", "6", "#", "9", 

"[X]", "", "", "", "", 
"", "-", "\u2030", " ", "&", 
"_Up", "\u2030", "\u00bb", "&", "~", 

"", "[X]", "", "", "", 
"", "_SYMB", "\u00b0", "", "+", 
"%", "_PgUp", "=", "\\", "^", 

"", "", "[X]", "", "_Left", 
"", "'", "", ".", "/", 
"\u00ab", "\u00ae", "_Shift", "@", ":", 

"", "", "", "[X]", "", 
"", "", "\u00a7", "", "*", 
"$", "/", "\u20ac", "_PgDn", "\u00a3", 

"", "", "_Left", "", "[X]", 
"", "", "<", ",", "(", 
"|", "\u00a9", ";", "\u00bd", "_Down", 

"[", "<", "{", "\u00ab", "(", 
"[X]", "_Fn", "_ShiftDown", "_Settings", "_Hide", 
"]", ">", "}", "\u00bb", ")", 

"_Record", "_Clear", "_Translate", "_Esc", "_Search", 
"_Shift", "[X]", "_Lang", "_abc123", "_Ctrl", 
"_Play", "_Del", "_Copy", "_Alt", "_Paste", 

"\u2030", "\u00b0", "{", "\u00a7", "<", 
"_Shift", "_abc123", "[X]", "_Repeat", "_User", 
"%", "~", "}", "\u00b5", ">", 

"_WLeft", "_SYMB", "_Tab", "_Left", "_Home", 
"_Keyboard", "_abc123", "_Up", "[X]", "_Down", 
"_WRight", "_Emoji", "_Enter", "_Right", "_End", 

"[", "<", "{", "\u00ab", "(", 
"\u00a4", "|", "", "", "[X]", 
"]", ">", "}", "\u00bb", ")", 

"_Up", "%", "\u00ab", "$", "|", 
"", "'", "%", "", "%", 
"[X]", "", "", "", "", 

"\u2030", "_PgUp", "\u00ae", "/", "\u00a9", 
"", "_Emoji", "", "", "=", 
"", "[X]", "", "", "", 

"\u00bb", "=", "_Shift", "\u20ac", ";", 
">", "-", "}", ",", "@", 
"", "", "[X]", "", "_Right", 

"&", "\\", "@", "_PgDn", "\u00bd", 
"\u00b5", "", "", "", "#", 
"", "", "", "[X]", "", 

"~", "^", ":", "\u00a3", "_Down", 
"", "~", ">", ".", ")", 
"", "", "_Right", "", "[X]", 

"#@", ""]},

"emojis":{

"map":[

"Pressed key = [X]. Three keypad colums: Left Center Right x 15",

 "\ud83c\udd97", "\u2665", "", "\ud83d\udc4d", "\ud83c\udfb9", 
"\ud83d\ude41", "_abc123", "\ud83d\ude42", "", "\ud83d\ude10", 
"\u260e", "\ud83c\udf82", "\u2708\ufe0f", "\ud83d\udc36", "\u26bd", 

"[X]", "", "", "", "", 
"", "", "", "", "", 
"", "", "", "", "", 

"\ud83c\udf29\ufe0f", "[X]", "\u2614", "\ud83c\udf39", "\ud83d\udc90", 
"\ud83d\udc83", "\ud83d\udd76", "\ud83c\udf02", "\ud83c\udf24\ufe0f", "\ud83d\udcab", 
"\ud83d\ude18", "\ud83d\udc8b", "\u2600\ufe0f\ufe0f", "\ud83d\udc8f", "\u2764\ufe0f", 

"", "", "[X]", "", "", 
"", "", "", "", "", 
"", "", "", "", "", 

"\ud83e\udd19", "\ud83d\udc46", "\ud83d\udc4c", "[X]", "\ud83d\udc4e", 
"\u261d\ufe0f", "\u270d\ufe0f", "\ud83d\udcaa", "\ud83d\udd90\ufe0f", "\ud83e\udd1d", 
"\ud83d\udc4c", "\ud83d\udc4f", "\u270c\ufe0f", "\u270b", "\ud83d\udc4b\ufe0f", 

"\ud83c\udf99", "\ud83c\udfa4", "\ud83c\udf9b", "\u2669", "[X]", 
"\u266a", "\ud83c\udfb6", "\u266b", "\ud83c\udfbc", "\u266c", 
"\ud83c\udfb8", "\ud83e\udd41", "\ud83c\udfb7", "\ud83c\udfba", "\ud83c\udfbb", 

"\ud83d\ude32", "\ud83d\ude35", "\ud83d\ude1f", "\ud83d\ude13", "\ud83d\ude16", 
"[X]", "_Fn", "_ShiftDown", "_Settings", "_Hide", 
"\ud83d\ude1e", "\ud83d\ude16", "\ud83d\ude22", "\ud83d\ude27", "\ud83d\ude20", 

"", "", "", "", "", 
"", "[X]", "", "", "", 
"", "", "", "", "", 

"\ud83d\ude0b", "\ud83d\ude0e", "\ud83d\ude09", "\ud83d\ude04", "\ud83d\ude00", 
"_Shift", "_abc123", "[X]", "_Repeat", "", 
"\ud83d\ude1b", "", "", "", "", 

"", "", "", "", "", 
"", "", "", "[X]", "", 
"", "", "", "", "", 

":-)", "\ud83d\ude48", "\ud83d\udcd6", "\u2764\ufe0f", "\ud83d\ude0a", 
"\ud83d\ude98", "\ud83d\ude4a", "\ud83d\udcb5", "\ud83e\udd14", "...", 
"\u26f1\ufe0f", "\ud83d\ude49", "\ud83d\udc8e", "\ud83d\udd2c", "\ud83d\ude0d", 

"\ud83d\udc88", "\ud83c\udfa7", "\ud83d\udcfd\ufe0f", "\ud83d\udcf7", "\ud83d\udca1", 
"\ud83d\udcfa", "\ud83d\udcf1", "\ud83d\udcbb", "\ud83d\udcfb", "\ud83d\udce2", 
"[X]", "\ud83d\udcfe", "\ud83d\udda8", "\ud83d\udd26", "\ud83d\udd0b", 

"\ud83c\udf75", "\ud83c\udf7b", "\ud83c\udf77", "\ud83c\udf79", "\ud83c\udf78", 
"\ud83e\udd42", "\ud83c\udf7e", "\ud83c\udf7c", "\ud83c\udf7d\ufe0f", "\ud83c\udf68", 
"\ud83c\udf70", "[X]", "\ud83c\udf7f", "\ud83c\udf69", "\ud83e\udd5b", 

"\u26f4\ufe0f", "\ud83d\ude81", "\ud83d\ude8b", "\ud83d\ude82", "\ud83d\ude97", 
"\ud83d\ude8c", "\ud83d\udeb2", "\ud83d\ude9c", "\u26f5", "\ud83d\uddfa\ufe0f", 
"\ud83c\udfdd\ufe0f", "\ud83c\udfd6\ufe0f", "[X]", "\ud83d\uddfd", "\ud83c\udfd4\ufe0f", 

"\ud83d\udc31", "\ud83d\udc0e", "\ud83d\udc25", "\ud83d\udc2f", "\ud83d\udc1d", 
"\ud83d\udc27", "\ud83d\udc15",

 "\ud83d\udc22", "\ud83e\udd89", "\ud83d\udc0c", "\ud83d\udc08", "\ud83d\udc3c", 
"\ud83d\udc27", "[X]", "\ud83d\udc37", "\ud83d\udeb4", "\ud83c\udfc7", 
"\u26f7\ufe0f", "\ud83c\udfca", "\ud83c\udfcc\ufe0f", "\u26f8\ufe0f", "\ud83c\udfc3", 

"\ud83c\udfbf", "\ud83c\udfd2", "\ud83c\udfc6", "\ud83c\udfbe", "\u26be", 
"\ud83c\udfc8", "\ud83c\udfc0", "[X]", ":)", ""]}}

