{"metadata":{

"format":"10",
"iso6391":"tam",
"name":"Tamil",
"description":"\u0ba4\u0bae\u0bbf\u0bb4\u0bcd",
"group":"Optimized",
"version":"3.2",
"author":"Seppo Tiainen",
"info":"  -  The ComboKey keymap for Tamil  (from format 10 and version 5.0 up)  -  Last modified 2019-10-24 at 15:34",
"extra":[

"-",
"dev",
"ta",
"IN",
"India",
"India",
"-",
"-",
"-",
"-",
"-",
"-",
"-",
"-",
"-",
"-",
"-"]},

"lowercase":{

"map":[

"Pressed key = [X]. Clear from template = []. Three keypad colums: Left Center Right x 15",

 "\u0b85", "\u0b9a", "\u0b89", "\u0b95", "\u0b93", 
"\u0b9f", "_BS", "\u0baf", " ", "...", 
"\u0b87", "\u0ba4", "\u0b8f", "\u0baa", "\u090b", 

"[X]", "", "", "", "", 
"", "_", "[1-8]", "\u02c6", "\u00a8", 
"_Up", "", "\u0906", "", "\u0960", 

"", "[X]", "", "", "", 
"[2-6]", "_SYMB", "[2-8]", "", "", 
"", "\u0b9e", "\u0b9c", "\u0bae", "", 

"", "", "[X]", "", "_Left", 
"\u0bb2", "\u00b4", "", ":", "", 
"\u0908", "", "_Shift", "", "\u090a", 

"", "", "", "[X]", "", 
"[4-6]", "", "[4-8]", "", "", 
"", "\u0ba8", "", "\u0b99", "", 

"", "", "_Left", "", "[X]", 
"", "|", "[5-8]", ";", "", 
"\u0914", "", "\u0910", "", "_Down", 

"", "[6-2]", "[6-3]", "[6-4]", "", 
"[X]", "_Fn", "_ShiftDown", "_Settings", "_Hide", 
"", "", "", "", "", 

"_Record", "_Clear", "_Translate", "_Esc", "_Search", 
"_Shift", "[X]", "_Lang", "_abc123", "_Ctrl", 
"_Play", "_Del", "_Copy", "_Alt", "_Paste", 

"[8-1]", "[8-2]", "", "[8-4]", "\u0bb2", 
"_Shift", "_abc123", "[X]", "_Repeat", "_User", 
"\u0bb0", "\u0bb9", "\u0bb2", "\u0bb3", "\u0bb5", 

"_WLeft", "_SYMB", "_Tab", "_Left", "_Home", 
"_Keyboard", "_abc123", "_Up", "[X]", "_Down", 
"_WRight", "_Emoji", "_Enter", "_Right", "_End", 

"\u0964", "\u0903", "\u0965", "\u094d", "\u0bb7", 
"\u093d", "\u25cc\u0951", "\u25cc\u0952", "\u093c", "", 
".", "\u0901", "\u0bb7", "\u0902", "\u0bb8", 

"_Up", "", "\u0908", "", "\u0914", 
"", "\"", "\u0bb0", "\u02c7", "~", 
"[X]", "", "", "", "", 

"", "\u0b9e", "", "\u0ba8", "", 
"", "_Emoji", "\u0bb9", "", "", 
"", "[X]", "", "", "", 

"\u0906", "\u0b9c", "_Shift", "", "\u0910", 
"", "`", "\u0bb2", ";", "", 
"", "", "[X]", "", "_Right", 

"", "\u0bae", "", "\u0b99", "", 
"", "", "\u0bb3", "", "", 
"", "", "", "[X]", "", 

"\u0960", "", "\u090a", "", "_Down", 
"", "~", "\u0bb5", ":", "", 
"", "", "_Right", "", "[X]", 

"\u0bb5\u0bb0\u0bcd\u0ba3", ""]},

"uppercase":{

"map":[

"Pressed key = [X]. ree keypad colums: Left Center Ri x 15",

 "\u0901", "", "", "\u0b95\u0bcd\u0bb7", "", 
"", "_BS", "\u0950", " ", "...", 
"\u0902", "\u0ba4\u0bcd\u0bb0", "", "\u0bb7\u0bcd\u0bb0", "", 

"[X]", "", "", "", "", 
"", "-", "[1-8]", "\u02c6", "\u00a8", 
"_Up", "", "", "", "", 

"", "[X]", "", "", "", 
"[2-6]", "_SYMB", "[2-8]", "", "", 
"", "_PgUp", "", "`", "", 

"", "", "[X]", "", "_Left", 
"", "\u00b4", "", ".", "", 
"", "", "_Shift", "", "", 

"", "", "", "[X]", "", 
"[4-6]", "", "[4-8]", "", "", 
"", "\u00b4", "", "_PgDn", "", 

"", "", "_Left", "", "[X]", 
"", "|", "[5-8]", ",", "", 
"", "", "", "", "_Down", 

"", "[6-2]", "[6-3]", "[6-4]", "", 
"[X]", "_Fn", "_ShiftDown", "_Settings", "_Hide", 
"", "", "", "", "", 

"_Record", "_Clear", "_Translate", "_Esc", "_Search", 
"_Shift", "[X]", "_Lang", "_abc123", "_Ctrl", 
"_Play", "_Del", "_Copy", "_Alt", "_Paste", 

"[8-1]", "[8-2]", "", "[8-4]", "", 
"_Shift", "_abc123", "[X]", "_Repeat", "_User", 
"", "_Ins", "", "", "", 

"_WLeft", "_SYMB", "_Tab", "_Left", "_Home", 
"_Keyboard", "_abc123", "_Up", "[X]", "_Down", 
"_WRight", "_Emoji", "_Enter", "_Right", "_End", 

"\u0964", "\u0903", "\u0965", "\u094d", "\u0bb7", 
"\u093d", "\u25cc\u0951", "\u25cc\u0952", "\u093c", "", 
".", "\u0901", "\u0bb7", "\u0902", "\u0bb8", 

"_Up", "", "", "", "", 
"", "'", "", "\u02c7", "~", 
"[X]", "", "", "", "", 

"", "_PgUp", "", "\u00b4", "", 
"", "_Emoji", "_Ins", "", "", 
"", "[X]", "", "", "", 

"", "", "_Shift", "", "", 
"", "`", "", ",", "", 
"", "", "[X]", "", "_Right", 

"", "`", "", "_PgDn", "", 
"", "", "", "", "", 
"", "", "", "[X]", "", 

"", "", "", "", "_Down", 
"", "~", "", ".", "", 
"", "", "_Right", "", "[X]", 

"\u0b85\u0ba8\u0bcd\u0baf", ""]},

"capslock":{

"map":[

"Pressed key = [X]. Three keypad colums: Left Center Right x 15",

 "\u0bcd", "\u0b9a", "\u0bc1", "\u0b95", "\u0bcb", 
"\u0b9f", "_BS", "\u0baf", " ", "...", 
"\u0bbf", "\u0ba4", "\u0bc7", "\u0baa", "", 

"[X]", "", "", "", "", 
"", "_", "[1-8]", "\u02c6", "\u00a8", 
"_Up", "", "\u094d", "", "", 

"", "[X]", "", "", "", 
"[2-6]", "_SYMB", "[2-8]", "", "", 
"", "\u0b9e", "\u0b9c", "\u0bae", "", 

"", "", "[X]", "", "_Left", 
"\u0bb2", "\u00b4", "", ":", "", 
"\u0bc0", "", "_Shift", "", "\u0bc2", 

"", "", "", "[X]", "", 
"[4-6]", "", "[4-8]", "", "", 
"", "\u0ba8", "", "\u0b99", "", 

"", "", "_Left", "", "[X]", 
"", "|", "[5-8]", ";", "", 
"\u0bcc", "", "\u0bc8", "", "_Down", 

"", "[6-2]", "[6-3]", "[6-4]", "", 
"[X]", "_Fn", "_ShiftDown", "_Settings", "_Hide", 
"", "", "", "", "", 

"_Record", "_Clear", "_Translate", "_Esc", "_Search", 
"_Shift", "[X]", "_Lang", "_abc123", "_Ctrl", 
"_Play", "_Del", "_Copy", "_Alt", "_Paste", 

"[8-1]", "[8-2]", "", "[8-4]", "\u0bb2", 
"_Shift", "_abc123", "[X]", "_Repeat", "_User", 
"\u0bb0", "\u0bb9", "\u0bb2", "\u0bb3", "\u0bb5", 

"_WLeft", "_SYMB", "_Tab", "_Left", "_Home", 
"_Keyboard", "_abc123", "_Up", "[X]", "_Down", 
"_WRight", "_Emoji", "_Enter", "_Right", "_End", 

"\u0964", "\u0903", "\u0965", "\u094d", "\u0bb7", 
"\u093d", "\u25cc\u0951", "\u25cc\u0952", "\u093c", "", 
".", "\u0901", "\u0bb7", "\u0902", "\u0bb8", 

"_Up", "", "\u0bc0", "", "\u0bcc", 
"", "\"", "\u0bb0", "\u02c7", "~", 
"[X]", "", "", "", "", 

"", "\u0b9e", "", "\u0ba8", "", 
"", "_Emoji", "\u0bb9", "", "", 
"", "[X]", "", "", "", 

"\u094d", "\u0b9c", "_Shift", "", "\u0bc8", 
"", "`", "\u0bb2", ";", "", 
"", "", "[X]", "", "_Right", 

"", "\u0bae", "", "\u0b99", "", 
"", "", "\u0bb3", "", "", 
"", "", "", "[X]", "", 

"", "", "\u0bc2", "", "_Down", 
"", "~", "\u0bb5", ":", "", 
"", "", "_Right", "", "[X]", 

"\u0bb5\u0bb0\u0bcd\u0ba3\u0be8", ""]},

"numbers":{

"map":[

"Pressed key = [X]. Three keypad colums: Left Center Right x 15",

 "\u0be7", "+", "\u0bea", "*", "\u0bed", 
"\u0be8", "_BS", "\u0beb", " ", "\u0bee", 
"\u0be9", "\u0bf0", "\u0bec", "#", "\u0bef", 

"[X]", "", "", "", "", 
"", "_", "\u2030", " ", "&", 
"_Up", "\u2030", "-", "&", "?", 

"", "[X]", "", "", "", 
"", "_SYMB", "\u00b0", "", "+", 
"%", "_PgUp", "=", "\\", "^", 

"", "", "[X]", "", "_Left", 
"", "\"", "", ":", "/", 
"'", "\u00ae", "_Shift", "@", ".", 

"", "", "", "[X]", "", 
"", "", "\u00a7", "", "*", 
"$", "/", "\u20ac", "_PgDn", "\u00a3", 

"", "", "_Left", "", "[X]", 
"", "", "<", ";", "(", 
"!", "\u00a9", ",", "\u00bd", "_Down", 

"[", "<", "{", "\u00ab", "\u00a7", 
"[X]", "_Fn", "_ShiftDown", "_Settings", "_Hide", 
"]", ">", "}", "\u00bb", "\u00b5", 

"_Call", "_Clear", "_Translate", "_Esc", "_Search", 
"_Shift", "[X]", "_Lang", "_abc123", "_Ctrl", 
"_Play", "_Del", "_Copy", "_Alt", "_Paste", 

"\u2030", "\u00b0", "{", "\u00a7", "<", 
"_Shift", "_abc123", "[X]", "_Repeat", "_User", 
"%", "~", "}", "\u00b5", ">", 

"_WLeft", "_SYMB", "_Tab", "_Left", "_Home", 
"_Keyboard", "_abc123", "_Up", "[X]", "_Down", 
"_WRight", "_Emoji", "_Enter", "_Right", "_End", 

"&", "+", "/", "*", "(", 
"$", "\u00a3", "\u20ac", ":", "[X]", 
"%", "=", "@", "#", ")", 

"_Up", "%", "'", "$", "!", 
"", "\"", "%", "", "%", 
"[X]", "", "", "", "", 

"\u2030", "_PgUp", "\u00ae", "/", "\u00a9", 
"", "_Emoji", "", "", "=", 
"", "[X]", "", "", "", 

"-", "=", "_Shift", "\u20ac", ",", 
">", "_", "}", ";", "@", 
"", "", "[X]", "", "_Right", 

"\u00bd", "\\", "@", "_PgDn", "&", 
"\u00b5", "", "", "", "#", 
"", "", "", "[X]", "", 

"?", "^", ".", "\u00a3", "_Down", 
"", "~", ">", ":", ")", 
"", "", "_Right", "", "[X]", 

"\u0be7\u0be8\u0be9", ""]},

"symbols":{

"map":[

"Pressed key = [X]. Three keypad colums: Left Center Right x 15",

 "1", "+", "4", "*", "7", 
"2", "_BS", "5", " ", "8", 
"3", "0", "6", "#", "9", 

"[X]", "", "", "", "", 
"", "-", "\u2030", " ", "&", 
"_Up", "\u2030", "\u00bb", "&", "~", 

"", "[X]", "", "", "", 
"", "_SYMB", "\u00b0", "", "+", 
"%", "_PgUp", "=", "\\", "^", 

"", "", "[X]", "", "_Left", 
"", "'", "", ".", "/", 
"\u00ab", "\u00ae", "_Shift", "@", ":", 

"", "", "", "[X]", "", 
"", "", "\u00a7", "", "*", 
"$", "/", "\u20ac", "_PgDn", "\u00a3", 

"", "", "_Left", "", "[X]", 
"", "", "<", ",", "(", 
"|", "\u00a9", ";", "\u00bd", "_Down", 

"[", "<", "{", "\u00ab", "(", 
"[X]", "_Fn", "_ShiftDown", "_Settings", "_Hide", 
"]", ">", "}", "\u00bb", ")", 

"_Record", "_Clear", "_Translate", "_Esc", "_Search", 
"_Shift", "[X]", "_Lang", "_abc123", "_Ctrl", 
"_Play", "_Del", "_Copy", "_Alt", "_Paste", 

"\u2030", "\u00b0", "{", "\u00a7", "<", 
"_Shift", "_abc123", "[X]", "_Repeat", "_User", 
"%", "~", "}", "\u00b5", ">", 

"_WLeft", "_SYMB", "_Tab", "_Left", "_Home", 
"_Keyboard", "_abc123", "_Up", "[X]", "_Down", 
"_WRight", "_Emoji", "_Enter", "_Right", "_End", 

"[", "<", "{", "\u00ab", "(", 
"\u00a4", "|", "", "", "[X]", 
"]", ">", "}", "\u00bb", ")", 

"_Up", "%", "\u00ab", "$", "|", 
"", "'", "%", "", "%", 
"[X]", "", "", "", "", 

"\u2030", "_PgUp", "\u00ae", "/", "\u00a9", 
"", "_Emoji", "", "", "=", 
"", "[X]", "", "", "", 

"\u00bb", "=", "_Shift", "\u20ac", ";", 
">", "-", "}", ",", "@", 
"", "", "[X]", "", "_Right", 

"&", "\\", "@", "_PgDn", "\u00bd", 
"\u00b5", "", "", "", "#", 
"", "", "", "[X]", "", 

"~", "^", ":", "\u00a3", "_Down", 
"", "~", ">", ".", ")", 
"", "", "_Right", "", "[X]", 

"#@", ""]},

"emojis":{

"map":[

"Pressed key = [X]. Three keypad colums: Left Center Right x 15",

 "\ud83c\udd97", "\u2665", "", "\ud83d\udc4d", "\ud83c\udfb9", 
"\ud83d\ude41", "_abc123", "\ud83d\ude42", "", "\ud83d\ude10", 
"\u260e", "\ud83c\udf82", "\u2708\ufe0f", "\ud83d\udc36", "\u26bd", 

"[X]", "", "", "", "", 
"", "", "", "", "", 
"", "", "", "", "", 

"\ud83c\udf29\ufe0f", "[X]", "\u2614", "\ud83c\udf39", "\ud83d\udc90", 
"\ud83d\udc83", "\ud83d\udd76", "\ud83c\udf02", "\ud83c\udf24\ufe0f", "\ud83d\udcab", 
"\ud83d\ude18", "\ud83d\udc8b", "\u2600\ufe0f\ufe0f", "\ud83d\udc8f", "\u2764\ufe0f", 

"", "", "[X]", "", "", 
"", "", "", "", "", 
"", "", "", "", "", 

"\ud83e\udd19", "\ud83d\udc46", "\ud83d\udc4c", "[X]", "\ud83d\udc4e", 
"\u261d\ufe0f", "\u270d\ufe0f", "\ud83d\udcaa", "\ud83d\udd90\ufe0f", "\ud83e\udd1d", 
"\ud83d\udc4c", "\ud83d\udc4f", "\u270c\ufe0f", "\u270b", "\ud83d\udc4b\ufe0f", 

"\ud83c\udf99", "\ud83c\udfa4", "\ud83c\udf9b", "\u2669", "[X]", 
"\u266a", "\ud83c\udfb6", "\u266b", "\ud83c\udfbc", "\u266c", 
"\ud83c\udfb8", "\ud83e\udd41", "\ud83c\udfb7", "\ud83c\udfba", "\ud83c\udfbb", 

"\ud83d\ude32", "\ud83d\ude35", "\ud83d\ude1f", "\ud83d\ude13", "\ud83d\ude16", 
"[X]", "_Fn", "_ShiftDown", "_Settings", "_Hide", 
"\ud83d\ude1e", "\ud83d\ude16", "\ud83d\ude22", "\ud83d\ude27", "\ud83d\ude20", 

"", "", "", "", "", 
"", "[X]", "", "", "", 
"", "", "", "", "", 

"\ud83d\ude0b", "\ud83d\ude0e", "\ud83d\ude09", "\ud83d\ude04", "\ud83d\ude00", 
"_Shift", "_abc123", "[X]", "_Repeat", "", 
"\ud83d\ude1b", "", "", "", "", 

"", "", "", "", "", 
"", "", "", "[X]", "", 
"", "", "", "", "", 

":-)", "\ud83d\ude48", "\ud83d\udcd6", "\u2764\ufe0f", "\ud83d\ude0a", 
"\ud83d\ude98", "\ud83d\ude4a", "\ud83d\udcb5", "\ud83e\udd14", "...", 
"\u26f1\ufe0f", "\ud83d\ude49", "\ud83d\udc8e", "\ud83d\udd2c", "\ud83d\ude0d", 

"\ud83d\udc88", "\ud83c\udfa7", "\ud83d\udcfd\ufe0f", "\ud83d\udcf7", "\ud83d\udca1", 
"\ud83d\udcfa", "\ud83d\udcf1", "\ud83d\udcbb", "\ud83d\udcfb", "\ud83d\udce2", 
"[X]", "\ud83d\udcfe", "\ud83d\udda8", "\ud83d\udd26", "\ud83d\udd0b", 

"\ud83c\udf75", "\ud83c\udf7b", "\ud83c\udf77", "\ud83c\udf79", "\ud83c\udf78", 
"\ud83e\udd42", "\ud83c\udf7e", "\ud83c\udf7c", "\ud83c\udf7d\ufe0f", "\ud83c\udf68", 
"\ud83c\udf70", "[X]", "\ud83c\udf7f", "\ud83c\udf69", "\ud83e\udd5b", 

"\u26f4\ufe0f", "\ud83d\ude81", "\ud83d\ude8b", "\ud83d\ude82", "\ud83d\ude97", 
"\ud83d\ude8c", "\ud83d\udeb2", "\ud83d\ude9c", "\u26f5", "\ud83d\uddfa\ufe0f", 
"\ud83c\udfdd\ufe0f", "\ud83c\udfd6\ufe0f", "[X]", "\ud83d\uddfd", "\ud83c\udfd4\ufe0f", 

"\ud83d\udc31", "\ud83d\udc0e", "\ud83d\udc25", "\ud83d\udc2f", "\ud83d\udc1d", 
"\ud83d\udc27", "\ud83d\udc15",

 "\ud83d\udc22", "\ud83e\udd89", "\ud83d\udc0c", "\ud83d\udc08", "\ud83d\udc3c", 
"\ud83d\udc27", "[X]", "\ud83d\udc37", "\ud83d\udeb4", "\ud83c\udfc7", 
"\u26f7\ufe0f", "\ud83c\udfca", "\ud83c\udfcc\ufe0f", "\u26f8\ufe0f", "\ud83c\udfc3", 

"\ud83c\udfbf", "\ud83c\udfd2", "\ud83c\udfc6", "\ud83c\udfbe", "\u26be", 
"\ud83c\udfc8", "\ud83c\udfc0", "[X]", ":)", ""]}}

