{"metadata":{

"format":"10",
"iso6391":"en",
"name":"CODING",
"description":"CODING",
"group":"Optimized",
"version":"5.1",
"author":"Seppo Tiainen",
"info":"  -  The ComboKey keymap for CODING  (from format 10 and version 5.0 up)  -  Last modified 2019-10-24 at 15:34",
"extra":[

"-",
"-",
"en",
"GB",
"UK",
"UK",
"-",
"-",
"-",
"-",
"-",
"-",
"-",
"-",
"-",
"-",
"-"]},

"lowercase":{

"map":[

"Pressed key = [X]. Clear from template = []. Three keypad colums: Left Center Right x 15",

 "a", "o", "u", "s", "c", 
"d", "_BS", "l", " ", "m", 
"i", "t", "e", "n", "r", 

"[X]", "", "", "", "", 
"and ", "_", "about ", "\u02c6", "\u00a8", 
"_Up", "h", "-", "ght", "?", 

"", "[X]", "", "", "", 
"don't ", "_SYMB", "of ", "", "ought ", 
"p", "_PgUp", "f", "\\", "q", 

"", "", "[X]", "", "_Left", 
"you ", "\u00b4", "j", ":", "your ", 
"'", "g", "_Shift", "b", ".", 

"", "", "", "[X]", "", 
"should ", "", "'s", "", "", 
"sh", "/", "w", "_PgDn", "v", 

"", "", "_Left", "", "[X]", 
"could ", "|", "y", ";", "ck", 
"!", "j", ",", "k", "_Down", 

"[", "<", "{", "\u00ab", "(", 
"[X]", "_Fn", "_ShiftDown", "_Settings", "_Hide", 
"]", ">", "}", "\u00bb", ")", 

"_Record", "_Clear", "_Translate", "_Esc", "_Search", 
"_Shift", "[X]", "_Lang", "_abc123", "_Ctrl", 
"_Play", "_Del", "_Copy", "_Alt", "_Paste", 

"about ", "\u00b0", "j", "\u00a3", "y", 
"_Shift", "_abc123", "[X]", "_Repeat", "_User", 
"x", "the ", "y", "\u20ac", "z", 

"_WLeft", "_SYMB", "_Tab", "_Left", "_Home", 
"_Keyboard", "_abc123", "_Up", "[X]", "_Down", 
"_WRight", "_Emoji", "_Enter", "_Right", "_End", 

"&", "+", "^", "*", "(", 
"$", "-", "|", "~", "[X]", 
"%", "=", "@", "#", ")", 

"_Up", "p", "'", "sh", "!", 
"I ", "\"", "x", "\u02c7", "ing", 
"[X]", "", "", "", "", 

"h", "_PgUp", "g", "/", "j", 
"th", "_Emoji", "the ", "", "that ", 
"", "[X]", "", "", "", 

"-", "f", "_Shift", "w", ",", 
"would ", "`", "y", ";", "wh", 
"", "", "[X]", "", "_Right", 

"ght", "\\", "b", "_PgDn", "k", 
"with ", "", "nothing ", "", "n't ", 
"", "", "", "[X]", "", 

"?", "q", ".", "v", "_Down", 
"that ", "~", "z", ":", ".com", 
"", "", "_Right", "", "[X]", 

"abc", ""]},

"uppercase":{

"map":[

"Pressed key = [X]. ree keypad colums: Left Center Ri x 15",

 "A", "O", "U", "S", "C", 
"D", "_BS", "L", " ", "M", 
"I", "T", "E", "N", "R", 

"[X]", "", "", "", "", 
"And ", "-", "About ", "\u02c6", "\u00a8", 
"_Up", "H", "_", "ght", "~", 

"", "[X]", "", "", "", 
"Don't ", "_SYMB", "Of ", "", "Ought ", 
"P", "_PgUp", "F", "`", "Q", 

"", "", "[X]", "", "_Left", 
"You ", "\u00b4", "J", ".", "Your ", 
"\"", "G", "_Shift", "B", ":", 

"", "", "", "[X]", "", 
"Should ", "", "'S", "", "", 
"Sh", "\u00b4", "W", "_PgDn", "V", 

"", "", "_Left", "", "[X]", 
"Could ", "|", "Y", ",", "Ck", 
"|", "J", ";", "K", "_Down", 

"[", "<", "{", "\u00ab", "(", 
"[X]", "_Fn", "_ShiftDown", "_Settings", "_Hide", 
"]", ">", "}", "\u00bb", ")", 

"_Record", "_Clear", "_Translate", "_Esc", "_Search", 
"_Shift", "[X]", "_Lang", "_abc123", "_Ctrl", 
"_Play", "_Del", "_Copy", "_Alt", "_Paste", 

"About ", "\u00b0", "J", "\u00a3", "Y", 
"_Shift", "_abc123", "[X]", "_Repeat", "_User", 
"X", "The ", "Y", "\u20ac", "Z", 

"_WLeft", "_SYMB", "_Tab", "_Left", "_Home", 
"_Keyboard", "_abc123", "_Up", "[X]", "_Down", 
"_WRight", "_Emoji", "_Enter", "_Right", "_End", 

"&", "+", "^", "*", "(", 
"$", "-", "|", "~", "[X]", 
"%", "=", "@", "#", ")", 

"_Up", "P", "\"", "Sh", "|", 
"I'm ", "'", "X", "\u02c7", "Ing", 
"[X]", "", "", "", "", 

"H", "_PgUp", "G", "\u00b4", "J", 
"Th", "_Emoji", "The ", "", "That ", 
"", "[X]", "", "", "", 

"_", "F", "_Shift", "W", ";", 
"Would ", "`", "Y", ",", "Wh", 
"", "", "[X]", "", "_Right", 

"ght", "`", "B", "_PgDn", "K", 
"With ", "", "Nothing ", "", "N't ", 
"", "", "", "[X]", "", 

"~", "Q", ":", "V", "_Down", 
"That ", "~", "Z", ".", ".com", 
"", "", "_Right", "", "[X]", 

"Abc", ""]},

"capslock":{

"map":[

"Pressed key = [X]. Three keypad colums: Left Center Right x 15",

 "A", "O", "U", "S", "C", 
"D", "_BS", "L", " ", "M", 
"I", "T", "E", "N", "R", 

"[X]", "", "", "", "", 
"AND ", "_", "ABOUT ", "\u02c6", "\u00a8", 
"_Up", "H", "-", "GHT", "?", 

"", "[X]", "", "", "", 
"DON'T ", "_SYMB", "OF ", "", "OUGHT ", 
"P", "_PgUp", "F", "\\", "Q", 

"", "", "[X]", "", "_Left", 
"YOU ", "\u00b4", "J", ":", "YOUR ", 
"'", "G", "_Shift", "B", ".", 

"", "", "", "[X]", "", 
"SHOULD ", "", "'S", "", "", 
"SH", "/", "W", "_PgDn", "V", 

"", "", "_Left", "", "[X]", 
"COULD ", "|", "Y", ";", "CK", 
"!", "J", ",", "K", "_Down", 

"[", "<", "{", "\u00ab", "(", 
"[X]", "_Fn", "_ShiftDown", "_Settings", "_Hide", 
"]", ">", "}", "\u00bb", ")", 

"_Record", "_Clear", "_Translate", "_Esc", "_Search", 
"_Shift", "[X]", "_Lang", "_abc123", "_Ctrl", 
"_Play", "_Del", "_Copy", "_Alt", "_Paste", 

"ABOUT ", "\u00b0", "J", "\u00a3", "Y", 
"_Shift", "_abc123", "[X]", "_Repeat", "_User", 
"X", "THE ", "Y", "\u20ac", "Z", 

"_WLeft", "_SYMB", "_Tab", "_Left", "_Home", 
"_Keyboard", "_abc123", "_Up", "[X]", "_Down", 
"_WRight", "_Emoji", "_Enter", "_Right", "_End", 

"&", "+", "^", "*", "(", 
"$", "-", "|", "~", "[X]", 
"%", "=", "@", "#", ")", 

"_Up", "P", "'", "SH", "!", 
"I ", "\"", "X", "\u02c7", "ING", 
"[X]", "", "", "", "", 

"H", "_PgUp", "G", "/", "J", 
"TH", "_Emoji", "THE ", "", "THAT ", 
"", "[X]", "", "", "", 

"-", "F", "_Shift", "W", ",", 
"WOULD ", "`", "Y", ";", "WH", 
"", "", "[X]", "", "_Right", 

"GHT", "\\", "B", "_PgDn", "K", 
"WITH ", "", "NOTHING ", "", "N'T ", 
"", "", "", "[X]", "", 

"?", "Q", ".", "V", "_Down", 
"THAT ", "~", "Z", ":", ".COM", 
"", "", "_Right", "", "[X]", 

"ABC", ""]},

"numbers":{

"map":[

"Pressed key = [X]. Three keypad colums: Left Center Right x 15",

 "1", "+", "4", "*", "7", 
"2", "_BS", "5", " ", "8", 
"3", "0", "6", "#", "9", 

"[X]", "", "", "", "", 
"", "_", "\u2030", " ", "&", 
"_Up", "\u2030", "-", "&", "?", 

"", "[X]", "", "", "", 
"", "_SYMB", "\u00b0", "", "+", 
"%", "_PgUp", "=", "\\", "^", 

"", "", "[X]", "", "_Left", 
"", "\"", "", ":", "/", 
"'", "\u00ae", "_Shift", "@", ".", 

"", "", "", "[X]", "", 
"", "", "\u00a7", "", "*", 
"$", "/", "\u20ac", "_PgDn", "\u00a3", 

"", "", "_Left", "", "[X]", 
"", "", "<", ";", "(", 
"!", "\u00a9", ",", "\u00bd", "_Down", 

"[", "<", "{", "\u00ab", "\u00a7", 
"[X]", "_Fn", "_ShiftDown", "_Settings", "_Hide", 
"]", ">", "}", "\u00bb", "\u00b5", 

"_Call", "_Clear", "_Translate", "_Esc", "_Search", 
"_Shift", "[X]", "_Lang", "_abc123", "_Ctrl", 
"_Play", "_Del", "_Copy", "_Alt", "_Paste", 

"\u2030", "\u00b0", "{", "\u00a7", "<", 
"_Shift", "_abc123", "[X]", "_Repeat", "_User", 
"%", "~", "}", "\u00b5", ">", 

"_WLeft", "_SYMB", "_Tab", "_Left", "_Home", 
"_Keyboard", "_abc123", "_Up", "[X]", "_Down", 
"_WRight", "_Emoji", "_Enter", "_Right", "_End", 

"&", "+", "^", "*", "(", 
"$", "-", "|", "~", "[X]", 
"%", "=", "@", "#", ")", 

"_Up", "%", "'", "$", "!", 
"", "\"", "%", "", "%", 
"[X]", "", "", "", "", 

"\u2030", "_PgUp", "\u00ae", "/", "\u00a9", 
"", "_Emoji", "", "", "=", 
"", "[X]", "", "", "", 

"-", "=", "_Shift", "\u20ac", ",", 
">", "_", "}", ";", "@", 
"", "", "[X]", "", "_Right", 

"&", "\\", "@", "_PgDn", "\u00bd", 
"\u00b5", "", "", "", "#", 
"", "", "", "[X]", "", 

"?", "^", ".", "\u00a3", "_Down", 
"", "~", ">", ":", ")", 
"", "", "_Right", "", "[X]", 

"123", ""]},

"symbols":{

"map":[

"Pressed key = [X]. Three keypad colums: Left Center Right x 15",

 "1", "+", "4", "*", "7", 
"2", "_BS", "5", " ", "8", 
"3", "0", "6", "#", "9", 

"[X]", "", "", "", "", 
"", "-", "\u2030", " ", "&", 
"_Up", "\u2030", "\u00bb", "&", "~", 

"", "[X]", "", "", "", 
"", "_SYMB", "\u00b0", "", "+", 
"%", "_PgUp", "=", "\\", "^", 

"", "", "[X]", "", "_Left", 
"", "'", "", ".", "/", 
"\u00ab", "\u00ae", "_Shift", "@", ":", 

"", "", "", "[X]", "", 
"", "", "\u00a7", "", "*", 
"$", "/", "\u20ac", "_PgDn", "\u00a3", 

"", "", "_Left", "", "[X]", 
"", "", "<", ",", "(", 
"|", "\u00a9", ";", "\u00bd", "_Down", 

"[", "<", "{", "\u00ab", "(", 
"[X]", "_Fn", "_ShiftDown", "_Settings", "_Hide", 
"]", ">", "}", "\u00bb", ")", 

"_Record", "_Clear", "_Translate", "_Esc", "_Search", 
"_Shift", "[X]", "_Lang", "_abc123", "_Ctrl", 
"_Play", "_Del", "_Copy", "_Alt", "_Paste", 

"\u2030", "\u00b0", "{", "\u00a7", "<", 
"_Shift", "_abc123", "[X]", "_Repeat", "_User", 
"%", "~", "}", "\u00b5", ">", 

"_WLeft", "_SYMB", "_Tab", "_Left", "_Home", 
"_Keyboard", "_abc123", "_Up", "[X]", "_Down", 
"_WRight", "_Emoji", "_Enter", "_Right", "_End", 

"&", "+", "^", "*", "(", 
"$", "-", "|", "~", "[X]", 
"%", "=", "@", "#", ")", 

"_Up", "%", "\u00ab", "$", "|", 
"", "'", "%", "", "%", 
"[X]", "", "", "", "", 

"\u2030", "_PgUp", "\u00ae", "/", "\u00a9", 
"", "_Emoji", "", "", "=", 
"", "[X]", "", "", "", 

"\u00bb", "=", "_Shift", "\u20ac", ";", 
">", "-", "}", ",", "@", 
"", "", "[X]", "", "_Right", 

"&", "\\", "@", "_PgDn", "\u00bd", 
"\u00b5", "", "", "", "#", 
"", "", "", "[X]", "", 

"~", "^", ":", "\u00a3", "_Down", 
"", "~", ">", ".", ")", 
"", "", "_Right", "", "[X]", 

"#@", ""]},

"emojis":{

"map":[

"Pressed key = [X]. Three keypad colums: Left Center Right x 15",

 "\ud83c\udd97", "\u2665", "", "\ud83d\udc4d", "\ud83c\udfb9", 
"\ud83d\ude41", "_abc123", "\ud83d\ude42", "", "\ud83d\ude10", 
"\u260e", "\ud83c\udf82", "\u2708\ufe0f", "\ud83d\udc36", "\u26bd", 

"[X]", "", "", "", "", 
"", "", "", "", "", 
"", "", "", "", "", 

"\ud83c\udf29\ufe0f", "[X]", "\u2614", "\ud83c\udf39", "\ud83d\udc90", 
"\ud83d\udc83", "\ud83d\udd76", "\ud83c\udf02", "\ud83c\udf24\ufe0f", "\ud83d\udcab", 
"\ud83d\ude18", "\ud83d\udc8b", "\u2600\ufe0f\ufe0f", "\ud83d\udc8f", "\u2764\ufe0f", 

"", "", "[X]", "", "", 
"", "", "", "", "", 
"", "", "", "", "", 

"\ud83e\udd19", "\ud83d\udc46", "\ud83d\udc4c", "[X]", "\ud83d\udc4e", 
"\u261d\ufe0f", "\u270d\ufe0f", "\ud83d\udcaa", "\ud83d\udd90\ufe0f", "\ud83e\udd1d", 
"\ud83d\udc4c", "\ud83d\udc4f", "\u270c\ufe0f", "\u270b", "\ud83d\udc4b\ufe0f", 

"\ud83c\udf99", "\ud83c\udfa4", "\ud83c\udf9b", "\u2669", "[X]", 
"\u266a", "\ud83c\udfb6", "\u266b", "\ud83c\udfbc", "\u266c", 
"\ud83c\udfb8", "\ud83e\udd41", "\ud83c\udfb7", "\ud83c\udfba", "\ud83c\udfbb", 

"\ud83d\ude32", "\ud83d\ude35", "\ud83d\ude1f", "\ud83d\ude13", "\ud83d\ude16", 
"[X]", "_Fn", "_ShiftDown", "_Settings", "_Hide", 
"\ud83d\ude1e", "\ud83d\ude16", "\ud83d\ude22", "\ud83d\ude27", "\ud83d\ude20", 

"", "", "", "", "", 
"", "[X]", "", "", "", 
"", "", "", "", "", 

"\ud83d\ude0b", "\ud83d\ude0e", "\ud83d\ude09", "\ud83d\ude04", "\ud83d\ude00", 
"_Shift", "_abc123", "[X]", "_Repeat", "", 
"\ud83d\ude1b", "", "", "", "", 

"", "", "", "", "", 
"", "", "", "[X]", "", 
"", "", "", "", "", 

":-)", "\ud83d\ude48", "\ud83d\udcd6", "\u2764\ufe0f", "\ud83d\ude0a", 
"\ud83d\ude98", "\ud83d\ude4a", "\ud83d\udcb5", "\ud83e\udd14", "...", 
"\u26f1\ufe0f", "\ud83d\ude49", "\ud83d\udc8e", "\ud83d\udd2c", "\ud83d\ude0d", 

"\ud83d\udc88", "\ud83c\udfa7", "\ud83d\udcfd\ufe0f", "\ud83d\udcf7", "\ud83d\udca1", 
"\ud83d\udcfa", "\ud83d\udcf1", "\ud83d\udcbb", "\ud83d\udcfb", "\ud83d\udce2", 
"[X]", "\ud83d\udcfe", "\ud83d\udda8", "\ud83d\udd26", "\ud83d\udd0b", 

"\ud83c\udf75", "\ud83c\udf7b", "\ud83c\udf77", "\ud83c\udf79", "\ud83c\udf78", 
"\ud83e\udd42", "\ud83c\udf7e", "\ud83c\udf7c", "\ud83c\udf7d\ufe0f", "\ud83c\udf68", 
"\ud83c\udf70", "[X]", "\ud83c\udf7f", "\ud83c\udf69", "\ud83e\udd5b", 

"\u26f4\ufe0f", "\ud83d\ude81", "\ud83d\ude8b", "\ud83d\ude82", "\ud83d\ude97", 
"\ud83d\ude8c", "\ud83d\udeb2", "\ud83d\ude9c", "\u26f5", "\ud83d\uddfa\ufe0f", 
"\ud83c\udfdd\ufe0f", "\ud83c\udfd6\ufe0f", "[X]", "\ud83d\uddfd", "\ud83c\udfd4\ufe0f", 

"\ud83d\udc31", "\ud83d\udc0e", "\ud83d\udc25", "\ud83d\udc2f", "\ud83d\udc1d", 
"\ud83d\udc27", "\ud83d\udc15",

 "\ud83d\udc22", "\ud83e\udd89", "\ud83d\udc0c", "\ud83d\udc08", "\ud83d\udc3c", 
"\ud83d\udc27", "[X]", "\ud83d\udc37", "\ud83d\udeb4", "\ud83c\udfc7", 
"\u26f7\ufe0f", "\ud83c\udfca", "\ud83c\udfcc\ufe0f", "\u26f8\ufe0f", "\ud83c\udfc3", 

"\ud83c\udfbf", "\ud83c\udfd2", "\ud83c\udfc6", "\ud83c\udfbe", "\u26be", 
"\ud83c\udfc8", "\ud83c\udfc0", "[X]", ":)", ""]}}

