{
    "metadata": {
    	"format":"1.1",
        "name":"Sixback",
        "description":"Sixback",
	"version":"1.1",
	"date":"2017-03-01",
	"author":"Seppo Tiainen",
        "info":"Simple Sixback theme to to remind of the original physical GKOS keyboard"
    },
    "buttonimage": {
        "mainbutton":"mainButtonSixback.png",
        "middlebutton":"middleButtonBlank.png",
        "centerbutton":"middleButtonBlank.png",
        "leftbarbutton":"middleButtonBlank.png",
        "rightbarbutton":"middleButtonBlank.png",
        "smallbutton":"smallButtonBlank.png"
    },
    "buttontext": {
        "mainbuttonforeground":"#000000",
        "middlebuttonforeground":"#dddddd",
        "smallbuttonforeground":"#dddddd",
	"mainbuttonhelpforeground": "#aa0000",
	"middlebuttonhelpforeground": "#888888"
    },
    "textarea": {
	"backgroundcolor":"#000000",
        "foregroundcolor":"white",
	"backgroundimage":"backgroundimage.png",
	"imageopacity": 0.2
    }	
}
