{
    "metadata": {
    	"format":"1.0",
        "name":"Plain",
        "description":"Plain",
	"version":"1.2",
	"date":"2019-02-20",
	"author":"Seppo Tiainen",
        "info":"Plain text theme with mostly characters only"
    },
    "buttonimage": {
        "mainbutton":"buttonBlack.png",
        "middlebutton":"buttonBlack.png",
        "centerbutton":"buttonBlack.png",
        "leftbarbutton":"buttonBlack.png",
        "rightbarbutton":"buttonBlack.png",
        "smallbutton":"smallButtonPlain.png",
        "pressedbutton":"button_pressed_blue_flare.9.png"
    },
    "buttontext": {
        "mainbuttonforeground":"#88ffaa",
        "middlebuttonforeground":"#cccccc",
        "smallbuttonforeground":"#cccccc",
	"mainbuttonhelpforeground": "#009966",
	"middlebuttonhelpforeground": "#444444"
    },
    "textarea": {
	"backgroundcolor":"#000000",
        "foregroundcolor":"#ddffaa",
	"backgroundimage":"backgroundimage.png",
	"imageopacity": 0.2
    }	
}
