{"metadata":{

"format":"10",
"iso6391":"te",
"name":"Telugu",
"description":"\u0c24\u0c46\u0c32\u0c41\u0c17\u0c41",
"group":"Optimized",
"version":"5.1",
"author":"Seppo Tiainen",
"info":"  -  The ComboKey keymap for Telugu  (from format 10 and version 5.0 up)  -  Last modified 2020-09-25 at 10:50",
"extra":[

"-",
"dev",
"te",
"IN",
"India",
"India",
"-",
"-",
"-",
"-",
"-",
"-",
"-",
"-",
"-",
"-",
"-"]},

"lowercase":{

"map":[

"Pressed key = [X]. Clear from template = []. Three keypad colums: Left Center Right x 15",

 "\u0c05", "\u0c1a", "\u0c09", "\u0c15",

 "\u0c12", "\u0c1f", "_BS", "\u0c2f", " ", 
"...", "\u0c07", "\u0c24", "\u0c0e", "\u0c2a", 
"\u0c0b", "[X]", "", "", "", 

"", "\u0c22", "_", "[1-8]", "\u02c6", 
"\u00a8", "_Up", "\u0c25", "\u0c06", "\u0c2b", 
"\u0c60", "", "[X]", "", "", 

"", "[2-6]", "_SYMB", "[2-8]", "", 
"", "\u0c1b", "\u0c1e", "\u0c1c", "\u0c2e", 
"\u0c1d", "", "", "[X]", "", 

"_Left", "\u0c32", "\u00b4", "\u0c27", ":", 
"", "\u0c08", "\u0c26", "_Shift", "\u0c2c", 
"\u0c0a", "", "", "", "[X]", 

"", "[4-6]", "", "[4-8]", "", 
"", "\u0c16", "\u0c28", "\u0c17", "\u0c23", 
"\u0c18", "", "", "_Left", "", 

"[X]", "\u0c20", "|", "[5-8]", ";", 
"", "\u0c13", "\u0c27", "\u0c0f", "\u0c2d", 
"_Down", "\u0c22", "[6-2]", "[6-3]", "[6-4]", 

"\u0c20", "[X]", "_Fn", "_ShiftDown", "_Settings", 
"_Hide", "\u0c20", "\u0c19", "\u0c21", "\u0c31", 
"\u0c22", "_Record", "_Clear", "_Translate", "_Esc", 

"_Search", "_Shift", "[X]", "_Lang", "_abc123", 
"_Ctrl", "_Play", "_Del", "_Copy", "_Alt", 
"_Paste", "[8-1]", "[8-2]", "\u0c27", "[8-4]", 

"\u0c32", "_Shift", "_abc123", "[X]", "_Repeat", 
"_User", "\u0c30", "\u0c33", "\u0c32", "", 
"\u0c35", "_WLeft", "_SYMB", "_Tab", "_Left", 

"_Home", "_Keyboard", "_abc123", "_Up", "[X]", 
"_Down", "_WRight", "_Emoji", "_Enter", "_Right", 
"_End", "\u0964", "\u0c03", "\u0c36", "\u0c4d", 

"\u0c38", "\u0c3d", "\u0c55", "", "\u0c02", 
"", "\u0965", "\u0c56", "\u0c37", "\u0c01", 
"\u0c39", "_Up", "\u0c1b", "\u0c08", "\u0c16", 

"\u0c13", "\u0c20", "\"", "\u0c30", "\u02c7", 
"~", "[X]", "", "", "", 
"", "\u0c25", "\u0c1e", "\u0c26", "\u0c28", 

"\u0c27", "\u0c19", "_Emoji", "\u0c33", "", 
"", "", "[X]", "", "", 
"", "\u0c06", "\u0c1c", "_Shift", "\u0c17", 

"\u0c0f", "\u0c21", "`", "\u0c32", ";", 
"", "", "", "[X]", "", 
"_Right", "\u0c2b", "\u0c2e", "\u0c2c", "\u0c23", 

"\u0c2d", "\u0c31", "", "", "", 
"", "", "", "", "[X]", 
"", "\u0c60", "\u0c1d", "\u0c0a", "\u0c18", 

"_Down", "\u0c22", "~", "\u0c35", ":", 
"", "", "", "_Right", "", 
"[X]", "abc", ""]},

"uppercase":{

"map":[

"Pressed key = [X]. ree keypad colums: Left Center Ri x 15",

 "\u0c10", "\u0c59", "\u0c0c", "\u0c61", "\u0c14", 
"\u0c3d", "_BS", "", " ", "...", 
"\u0c48", "\u0c58", "\u0c62", "\u0c63", "\u0c4c", 

"[X]", "", "", "", "", 
"", "-", "[1-8]", "\u02c6", "\u00a8", 
"_Up", "", "-", "", "?", 

"", "[X]", "", "", "", 
"[2-6]", "_SYMB", "[2-8]", "", "", 
"", "_PgUp", "", "`", "", 

"", "", "[X]", "", "_Left", 
"", "\u00b4", "", ".", "", 
"'", "", "_Shift", "", ".", 

"", "", "", "[X]", "", 
"[4-6]", "", "[4-8]", "", "", 
"", "\u00b4", "", "_PgDn", "", 

"", "", "_Left", "", "[X]", 
"", "|", "[5-8]", ",", "", 
"!", "", ",", "", "_Down", 

"", "[6-2]", "[6-3]", "[6-4]", "", 
"[X]", "_Fn", "_ShiftDown", "_Settings", "_Hide", 
"", "", "", "", "", 

"_Record", "_Clear", "_Translate", "_Esc", "_Search", 
"_Shift", "[X]", "_Lang", "_abc123", "_Ctrl", 
"_Play", "_Del", "_Copy", "_Alt", "_Paste", 

"[8-1]", "[8-2]", "", "[8-4]", "", 
"_Shift", "_abc123", "[X]", "_Repeat", "_User", 
"", "", "", "", "", 

"_WLeft", "_SYMB", "_Tab", "_Left", "_Home", 
"_Keyboard", "_abc123", "_Up", "[X]", "_Down", 
"_WRight", "_Emoji", "_Enter", "_Right", "_End", 

"\u0964", "\u0c03", "\u0c36", "\u0c4d", "\u0c38", 
"\u0c3d", "\u0c55", "", "\u0c02", "", 
"\u0965", "\u0c56", "\u0c37", "\u0c01", "\u0c39", 

"_Up", "", "'", "", "!", 
"", "'", "", "\u02c7", "~", 
"[X]", "", "", "", "", 

"", "_PgUp", "", "\u00b4", "", 
"", "_Emoji", "", "", "", 
"", "[X]", "", "", "", 

"-", "", "_Shift", "", ",", 
"", "`", "", ",", "", 
"", "", "[X]", "", "_Right", 

"", "`", "", "_PgDn", "", 
"", "", "", "", "", 
"", "", "", "[X]", "", 

"?", "", ".", "", "_Down", 
"", "~", "", ".", "", 
"", "", "_Right", "", "[X]", 

"Abc", ""]},

"capslock":{

"map":[

"Pressed key = [X]. Three keypad colums: Left Center Right x 15",

 "\u0c3e", "\u0c1a", "\u0c41", "\u0c15",

 "\u0c4a", "\u0c1f", "_BS", "\u0c2f", " ", 
"...", "\u0c3f", "\u0c24", "\u0c46", "\u0c2a", 
"\u0c43", "[X]", "", "", "", 

"", "\u0c22", "_", "[1-8]", "\u02c6", 
"\u00a8", "_Up", "\u0c25", "", "\u0c2b", 
"\u0c44", "", "[X]", "", "", 

"", "[2-6]", "_SYMB", "[2-8]", "", 
"", "\u0c1b", "\u0c1e", "\u0c1c", "\u0c2e", 
"\u0c1d", "", "", "[X]", "", 

"_Left", "\u0c32", "\u00b4", "\u0c27", ":", 
"", "\u0c40", "\u0c26", "_Shift", "\u0c2c", 
"\u0c42", "", "", "", "[X]", 

"", "[4-6]", "", "[4-8]", "", 
"", "\u0c16", "\u0c28", "\u0c17", "\u0c23", 
"\u0c18", "", "", "_Left", "", 

"[X]", "\u0c20", "|", "[5-8]", ";", 
"", "\u0c4b", "\u0c27", "\u0c47", "\u0c2d", 
"_Down", "\u0c22", "[6-2]", "[6-3]", "[6-4]", 

"\u0c20", "[X]", "_Fn", "_ShiftDown", "_Settings", 
"_Hide", "\u0c20", "\u0c19", "\u0c21", "\u0c31", 
"\u0c22", "_Record", "_Clear", "_Translate", "_Esc", 

"_Search", "_Shift", "[X]", "_Lang", "_abc123", 
"_Ctrl", "_Play", "_Del", "_Copy", "_Alt", 
"_Paste", "[8-1]", "[8-2]", "\u0c27", "[8-4]", 

"\u0c32", "_Shift", "_abc123", "[X]", "_Repeat", 
"_User", "\u0c30", "\u0c33", "\u0c32", "", 
"\u0c35", "_WLeft", "_SYMB", "_Tab", "_Left", 

"_Home", "_Keyboard", "_abc123", "_Up", "[X]", 
"_Down", "_WRight", "_Emoji", "_Enter", "_Right", 
"_End", "\u0964", "\u0c03", "\u0c36", "\u0c4d", 

"\u0c38", "\u0c3d", "\u0c55", "", "\u0c02", 
"", "\u0965", "\u0c56", "\u0c37", "\u0c01", 
"\u0c39", "_Up", "\u0c1b", "\u0c40", "\u0c16", 

"\u0c4b", "\u0c20", "\"", "\u0c30", "\u02c7", 
"~", "[X]", "", "", "", 
"", "\u0c25", "\u0c1e", "\u0c26", "\u0c28", 

"\u0c27", "\u0c19", "_Emoji", "\u0c33", "", 
"", "", "[X]", "", "", 
"", "", "\u0c1c", "_Shift", "\u0c17", 

"\u0c47", "\u0c21", "`", "\u0c32", ";", 
"", "", "", "[X]", "", 
"_Right", "\u0c2b", "\u0c2e", "\u0c2c", "\u0c23", 

"\u0c2d", "\u0c31", "", "", "", 
"", "", "", "", "[X]", 
"", "\u0c44", "\u0c1d", "\u0c42", "\u0c18", 

"_Down", "\u0c22", "~", "\u0c35", ":", 
"", "", "", "_Right", "", 
"[X]", "ABC", ""]},

"numbers":{

"map":[

"Pressed key = [X]. Three keypad colums: Left Center Right x 15",

 "\u0c67", "+", "\u0c6a", "*", "\u0c6d", 
"\u0c68", "_BS", "\u0c6b", " ", "\u096e", 
"\u0c69", "\u0966", "\u0c6c", "#", "\u0c6f", 

"[X]", "", "", "", "", 
"\u2013", "_", "\u2030", " ", "&", 
"_Up", "\u2030", "-", "&", "?", 

"", "[X]", "", "", "", 
"", "_SYMB", "\u0c78", "", "+", 
"%", "_PgUp", "=", "\\", "^", 

"", "", "[X]", "", "_Left", 
"", "\"", "", ":", "/", 
"'", "\u00ae", "_Shift", "@", ".", 

"", "", "", "[X]", "", 
"", "", "\u0c7c", "", "*", 
"$", "/", "\u20ac", "_PgDn", "\u00a3", 

"", "", "_Left", "", "[X]", 
"", "", "<", ";", "(", 
"!", "\u00a9", ",", "\u00bd", "_Down", 

"[", "<", "{", "\u00ab", "\u00a7", 
"[X]", "_Fn", "_ShiftDown", "_Settings", "_Hide", 
"]", ">", "}", "\u00bb", "\u00b5", 

"_Call", "_Clear", "_Translate", "_Esc", "_Search", 
"_Shift", "[X]", "_Lang", "_abc123", "_Ctrl", 
"_Play", "_Del", "_Copy", "_Alt", "_Paste", 

"\u2030", "\u0c78", "\u0c7b", "\u0c7c", "\u0c7a", 
"_Shift", "_abc123", "[X]", "_Repeat", "_User", 
"%", "~", "\u0c7f", "\u00b5", "\u0c7e", 

"_WLeft", "_SYMB", "_Tab", "_Left", "_Home", 
"_Keyboard", "_abc123", "_Up", "[X]", "_Down", 
"_WRight", "_Emoji", "_Enter", "_Right", "_End", 

"&", "+", "/", "*", "(", 
"$", "\u00a3", "\u20ac", ":", "[X]", 
"%", "=", "@", "#", ")", 

"_Up", "%", "'", "$", "!", 
"", "\"", "%", "", "%", 
"[X]", "", "", "", "", 

"\u2030", "_PgUp", "\u00ae", "/", "\u00a9", 
"", "_Emoji", "", "", "=", 
"", "[X]", "", "", "", 

"-", "=", "_Shift", "\u20ac", ",", 
"", "_", "\u0c7f", ";", "@", 
"", "", "[X]", "", "_Right", 

"\u00bd", "\\", "@", "_PgDn", "&", 
"\u00b5", "", "", "", "#", 
"", "", "", "[X]", "", 

"?", "^", ".", "\u00a3", "_Down", 
"", "~", ">", ":", ")", 
"", "", "_Right", "", "[X]", 

"\u0c67\u0c68\u0c69", ""]},

"symbols":{

"map":[

"Pressed key = [X]. Three keypad colums: Left Center Right x 15",

 "1", "+", "4", "*", "7", 
"2", "_BS", "5", " ", "8", 
"3", "0", "6", "#", "9", 

"[X]", "", "", "", "", 
"\u2013", "-", "\u2030", " ", "&", 
"_Up", "\u2030", "\u00bb", "&", "~", 

"", "[X]", "", "", "", 
"", "_SYMB", "\u00b0", "", "+", 
"%", "_PgUp", "=", "\\", "^", 

"", "", "[X]", "", "_Left", 
"", "'", "", ".", "/", 
"\u00ab", "\u00ae", "_Shift", "@", ":", 

"", "", "", "[X]", "", 
"", "", "\u00a7", "", "*", 
"$", "/", "\u20ac", "_PgDn", "\u00a3", 

"", "", "_Left", "", "[X]", 
"", "", "<", ",", "(", 
"|", "\u00a9", ";", "\u00bd", "_Down", 

"[", "<", "{", "\u00ab", "(", 
"[X]", "_Fn", "_ShiftDown", "_Settings", "_Hide", 
"]", ">", "}", "\u00bb", ")", 

"_Record", "_Clear", "_Translate", "_Esc", "_Search", 
"_Shift", "[X]", "_Lang", "_abc123", "_Ctrl", 
"_Play", "_Del", "_Copy", "_Alt", "_Paste", 

"\u2030", "\u00b0", "{", "\u00a7", "<", 
"_Shift", "_abc123", "[X]", "_Repeat", "_User", 
"%", "~", "}", "\u00b5", ">", 

"_WLeft", "_SYMB", "_Tab", "_Left", "_Home", 
"_Keyboard", "_abc123", "_Up", "[X]", "_Down", 
"_WRight", "_Emoji", "_Enter", "_Right", "_End", 

"[", "<", "{", "\u00ab", "(", 
"\u00a4", "|", "", "", "[X]", 
"]", ">", "}", "\u00bb", ")", 

"_Up", "%", "\u00ab", "$", "|", 
"", "'", "%", "", "%", 
"[X]", "", "", "", "", 

"\u2030", "_PgUp", "\u00ae", "/", "\u00a9", 
"", "_Emoji", "", "", "=", 
"", "[X]", "", "", "", 

"\u00bb", "=", "_Shift", "\u20ac", ";", 
"", "-", "}", ",", "@", 
"", "", "[X]", "", "_Right", 

"&", "\\", "@", "_PgDn", "\u00bd", 
"\u00b5", "", "", "", "#", 
"", "", "", "[X]", "", 

"~", "^", ":", "\u00a3", "_Down", 
"", "~", ">", ".", ")", 
"", "", "_Right", "", "[X]", 

"#@", ""]},

"emojis":{

"map":[

"Pressed key = [X]. Three keypad colums: Left Center Right x 15",

 "\ud83c\udd97", "\u2665", "", "\ud83d\udc4d", "\ud83c\udfb9", 
"\ud83d\ude41", "_abc123", "\ud83d\ude42", "", "\ud83d\ude10", 
"\u260e", "\ud83c\udf82", "\u2708\ufe0f", "\ud83d\udc36", "\u26bd", 

"[X]", "", "", "", "", 
"", "", "", "", "", 
"", "", "", "", "", 

"\ud83c\udf29\ufe0f", "[X]", "\u2614", "\ud83c\udf39", "\ud83d\udc90", 
"\ud83d\udc83", "\ud83d\udd76", "\ud83c\udf02", "\ud83c\udf24\ufe0f", "\ud83d\udcab", 
"\ud83d\ude18", "\ud83d\udc8b", "\u2600\ufe0f\ufe0f", "\ud83d\udc8f", "\u2764\ufe0f", 

"", "", "[X]", "", "", 
"", "", "", "", "", 
"", "", "", "", "", 

"\ud83e\udd19", "\ud83d\udc46", "\ud83d\udc4c", "[X]", "\ud83d\udc4e", 
"\u261d\ufe0f", "\u270d\ufe0f", "\ud83d\udcaa", "\ud83d\udd90\ufe0f", "\ud83e\udd1d", 
"\ud83d\udc4c", "\ud83d\udc4f", "\u270c\ufe0f", "\u270b", "\ud83d\udc4b\ufe0f", 

"\ud83c\udf99", "\ud83c\udfa4", "\ud83c\udf9b", "\u2669", "[X]", 
"\u266a", "\ud83c\udfb6", "\u266b", "\ud83c\udfbc", "\u266c", 
"\ud83c\udfb8", "\ud83e\udd41", "\ud83c\udfb7", "\ud83c\udfba", "\ud83c\udfbb", 

"\ud83d\ude32", "\ud83d\ude35", "\ud83d\ude1f", "\ud83d\ude13", "\ud83d\ude16", 
"[X]", "_Fn", "_ShiftDown", "_Settings", "_Hide", 
"\ud83d\ude1e", "\ud83d\ude16", "\ud83d\ude22", "\ud83d\ude27", "\ud83d\ude20", 

"", "", "", "", "", 
"", "[X]", "", "", "", 
"", "", "", "", "", 

"\ud83d\ude0b", "\ud83d\ude0e", "\ud83d\ude09", "\ud83d\ude04", "\ud83d\ude00", 
"_Shift", "_abc123", "[X]", "_Repeat", "", 
"\ud83d\ude1b", "", "", "", "", 

"", "", "", "", "", 
"", "", "", "[X]", "", 
"", "", "", "", "", 

":-)", "\ud83d\ude48", "\ud83d\udcd6", "\u2764\ufe0f", "\ud83d\ude0a", 
"\ud83d\ude98", "\ud83d\ude4a", "\ud83d\udcb5", "\ud83e\udd14", "...", 
"\u26f1\ufe0f", "\ud83d\ude49", "\ud83d\udc8e", "\ud83d\udd2c", "\ud83d\ude0d", 

"\ud83d\udc88", "\ud83c\udfa7", "\ud83d\udcfd\ufe0f", "\ud83d\udcf7", "\ud83d\udca1", 
"\ud83d\udcfa", "\ud83d\udcf1", "\ud83d\udcbb", "\ud83d\udcfb", "\ud83d\udce2", 
"[X]", "\ud83d\udcfe", "\ud83d\udda8", "\ud83d\udd26", "\ud83d\udd0b", 

"\ud83c\udf75", "\ud83c\udf7b", "\ud83c\udf77", "\ud83c\udf79", "\ud83c\udf78", 
"\ud83e\udd42", "\ud83c\udf7e", "\ud83c\udf7c", "\ud83c\udf7d\ufe0f", "\ud83c\udf68", 
"\ud83c\udf70", "[X]", "\ud83c\udf7f", "\ud83c\udf69", "\ud83e\udd5b", 

"\u26f4\ufe0f", "\ud83d\ude81", "\ud83d\ude8b", "\ud83d\ude82", "\ud83d\ude97", 
"\ud83d\ude8c", "\ud83d\udeb2", "\ud83d\ude9c", "\u26f5", "\ud83d\uddfa\ufe0f", 
"\ud83c\udfdd\ufe0f", "\ud83c\udfd6\ufe0f", "[X]", "\ud83d\uddfd", "\ud83c\udfd4\ufe0f", 

"\ud83d\udc31", "\ud83d\udc0e", "\ud83d\udc25", "\ud83d\udc2f", "\ud83d\udc1d", 
"\ud83d\udc27", "\ud83d\udc15",

 "\ud83d\udc22", "\ud83e\udd89", "\ud83d\udc0c", "\ud83d\udc08", "\ud83d\udc3c", 
"\ud83d\udc27", "[X]", "\ud83d\udc37", "\ud83d\udeb4", "\ud83c\udfc7", 
"\u26f7\ufe0f", "\ud83c\udfca", "\ud83c\udfcc\ufe0f", "\u26f8\ufe0f", "\ud83c\udfc3", 

"\ud83c\udfbf", "\ud83c\udfd2", "\ud83c\udfc6", "\ud83c\udfbe", "\u26be", 
"\ud83c\udfc8", "\ud83c\udfc0", "[X]", ":)", ""]}}

