{"metadata":{

"format":"10",
"iso6391":"anp",
"name":"Angika",
"description":"\u0905\u0902\u0917\u093f\u0915\u093e",
"group":"Optimized",
"version":"5.1",
"author":"Seppo Tiainen",
"info":"  -  The ComboKey keymap for Angika  (from format 10 and version 5.0 up)  -  Last modified 2020-09-25 at 10:50",
"extra":[

"-",
"dev",
"anp",
"IN",
"India",
"India",
"-",
"-",
"-",
"-",
"-",
"-",
"-",
"-",
"-",
"-",
"-"]},

"lowercase":{

"map":[

"Pressed key = [X]. Clear from template = []. Three keypad colums: Left Center Right x 15",

 "\u0905", "\u0915",

 "\u0909", "\u0938", "\u0913", "\u0930", "_BS", 
"\u092a", " ", "...", "\u0907", "\u0924", 
"\u090f", "\u0928", "\u090b", "[X]", "", 

"", "", "", "\u0933", "_", 
"[1-8]", "\u02c6", "\u00a8", "_Up", "\u0925", 
"\u0906", "\u091e", "\u0960", "", "[X]", 

"", "", "", "[2-6]", "_SYMB", 
"[2-8]", "", "", "\u0916", "_PgUp", 
"\u0917", "\\", "\u0918", "", "", 

"[X]", "", "_Left", "\u092c", "\u00b4", 
"\u0927", ":", "", "\u0908", "\u0926", 
"_Shift", "\u0923", "\u090a", "", "", 

"", "[X]", "", "[4-6]", "", 
"[4-8]", "", "", "\u0937", "/", 
"\u0936", "_PgDn", "\u0935", "", "", 

"_Left", "", "[X]", "\u092f", "|", 
"[5-8]", ";", "", "\u0914", "\u0927", 
"\u0910", "\u0919", "_Down", "\u0933", "[6-2]", 

"[6-3]", "[6-4]", "\u092f", "[X]", "_Fn", 
"_ShiftDown", "_Settings", "_Hide", "\u092f", "\u091c", 
"\u0932", "\u091d", "\u0933", "_Record", "_Clear", 

"_Translate", "_Esc", "_Search", "_Shift", "[X]", 
"_Lang", "_abc123", "_Ctrl", "_Play", "_Del", 
"_Copy", "_Alt", "_Paste", "[8-1]", "[8-2]", 

"\u0927", "[8-4]", "\u092c", "_Shift", "_abc123", 
"[X]", "_Repeat", "_User", "\u092b", "\u0939", 
"\u092c", "\u092e", "\u092d", "_WLeft", "_SYMB", 

"_Tab", "_Left", "_Home", "_Keyboard", "_abc123", 
"_Up", "[X]", "_Down", "_WRight", "_Emoji", 
"_Enter", "_Right", "_End", ",", "\u25cc\u0952", 

"\u0964", "\u094d", "(", "\u093d", "\u25cc\u0951", 
"\u0903", "\u093c", "", ".", "\u0901", 
"\u0965", "\u0902", ")", "_Up", "\u0916", 

"\u0908", "\u0937", "\u0914", "\u092f", "\"", 
"\u092b", "\u02c7", "~", "[X]", "", 
"", "", "", "\u0925", "_PgUp", 

"\u0926", "/", "\u0927", "\u091c", "_Emoji", 
"\u0939", "", "", "", "[X]", 
"", "", "", "\u0906", "\u0917", 

"_Shift", "\u0936", "\u0910", "\u0932", "`", 
"\u092c", ";", "", "", "", 
"[X]", "", "_Right", "\u091e", "\\", 

"\u0923", "_PgDn", "\u0919", "\u091d", "", 
"\u092e", "", "", "", "", 
"", "[X]", "", "\u0960", "\u0918", 

"\u090a", "\u0935", "_Down", "\u0933", "~", 
"\u092d", ":", "", "", "", 
"_Right", "", "[X]", "abc", ""]},

"uppercase":{

"map":[

"Pressed key = [X]. ree keypad colums: Left Center Ri x 15",

 "\u0901", "\u091b", "\u0953", "\u091a", "\u0962", 
"\u090c", "_BS", "\u0961", " ", "...", 
"\u0902", "\u091f", "\u0946", "\u0921\u093c", "\u094a", 

"[X]", "", "", "", "", 
"", "-", "[1-8]", "\u02c6", "\u00a8", 
"_Up", "\u0920", "\u0903", "", "\u0949", 

"", "[X]", "", "", "", 
"[2-6]", "_SYMB", "[2-8]", "", "", 
"", "_PgUp", "", "\\", "", 

"", "", "[X]", "", "_Left", 
"", "\u00b4", "\u0922", ".", "", 
"\u0954", "\u0921", "_Shift", "", "\u093c", 

"", "", "", "[X]", "", 
"[4-6]", "", "[4-8]", "", "", 
"", "/", "", "_PgDn", "", 

"", "", "_Left", "", "[X]", 
"", "|", "[5-8]", ",", "", 
"\u0963", "\u0922", "\u0945", "", "_Down", 

"", "[6-2]", "[6-3]", "[6-4]", "", 
"[X]", "_Fn", "_ShiftDown", "_Settings", "_Hide", 
"", "", "", "", "", 

"_Record", "_Clear", "_Translate", "_Esc", "_Search", 
"_Shift", "[X]", "_Lang", "_abc123", "_Ctrl", 
"_Play", "_Del", "_Copy", "_Alt", "_Paste", 

"[8-1]", "[8-2]", "\u0922", "[8-4]", "", 
"_Shift", "_abc123", "[X]", "_Repeat", "_User", 
"", "_Ins", "", "", "", 

"_WLeft", "_SYMB", "_Tab", "_Left", "_Home", 
"_Keyboard", "_abc123", "_Up", "[X]", "_Down", 
"_WRight", "_Emoji", "_Enter", "_Right", "_End", 

",", "\u25cc\u0952", "\u0964", "\u094d", "(", 
"\u093d", "\u25cc\u0951", "\u0903", "\u093c", "", 
".", "\u0901", "\u0965", "\u0902", ")", 

"_Up", "", "\u0954", "", "\u0963", 
"", "'", "", "\u02c7", "~", 
"[X]", "", "", "", "", 

"\u0920", "_PgUp", "\u0921", "/", "\u0922", 
"", "_Emoji", "_Ins", "", "", 
"", "[X]", "", "", "", 

"\u0903", "", "_Shift", "", "\u0945", 
"", "`", "", ",", "", 
"", "", "[X]", "", "_Right", 

"", "\\", "", "_PgDn", "", 
"", "", "", "", "", 
"", "", "", "[X]", "", 

"\u0949", "", "\u093c", "", "_Down", 
"", "~", "", ".", "", 
"", "", "_Right", "", "[X]", 

"Abc", ""]},

"capslock":{

"map":[

"Pressed key = [X]. Three keypad colums: Left Center Right x 15",

 "\u093e", "\u0915",

 "\u0941", "\u0938", "\u094b", "\u0930", "_BS", 
"\u092a", " ", "...", "\u093f", "\u0924", 
"\u0947", "\u0928", "\u0943", "[X]", "", 

"", "", "", "\u0933", "_", 
"[1-8]", "\u02c6", "\u00a8", "_Up", "\u0925", 
"\u094d", "\u091e", "\u0944", "", "[X]", 

"", "", "", "[2-6]", "_SYMB", 
"[2-8]", "", "", "\u0916", "_PgUp", 
"\u0917", "\\", "\u0918", "", "", 

"[X]", "", "_Left", "\u092c", "\u00b4", 
"\u0927", ":", "", "\u0940", "\u0926", 
"_Shift", "\u0923", "\u0942", "", "", 

"", "[X]", "", "[4-6]", "", 
"[4-8]", "", "", "\u0937", "/", 
"\u0936", "_PgDn", "\u0935", "", "", 

"_Left", "", "[X]", "\u092f", "|", 
"[5-8]", ";", "", "\u094c", "\u0927", 
"\u0948", "\u0919", "_Down", "\u0933", "[6-2]", 

"[6-3]", "[6-4]", "\u092f", "[X]", "_Fn", 
"_ShiftDown", "_Settings", "_Hide", "\u092f", "\u091c", 
"\u0932", "\u091d", "\u0933", "_Record", "_Clear", 

"_Translate", "_Esc", "_Search", "_Shift", "[X]", 
"_Lang", "_abc123", "_Ctrl", "_Play", "_Del", 
"_Copy", "_Alt", "_Paste", "[8-1]", "[8-2]", 

"\u0927", "[8-4]", "\u092c", "_Shift", "_abc123", 
"[X]", "_Repeat", "_User", "\u092b", "\u0939", 
"\u092c", "\u092e", "\u092d", "_WLeft", "_SYMB", 

"_Tab", "_Left", "_Home", "_Keyboard", "_abc123", 
"_Up", "[X]", "_Down", "_WRight", "_Emoji", 
"_Enter", "_Right", "_End", ",", "\u25cc\u0952", 

"\u0964", "\u094d", "(", "\u093d", "\u25cc\u0951", 
"\u0903", "\u093c", "", ".", "\u0901", 
"\u0965", "\u0902", ")", "_Up", "\u0916", 

"\u0940", "\u0937", "\u094c", "\u092f", "\"", 
"\u092b", "\u02c7", "~", "[X]", "", 
"", "", "", "\u0925", "_PgUp", 

"\u0926", "/", "\u0927", "\u091c", "_Emoji", 
"\u0939", "", "", "", "[X]", 
"", "", "", "\u094d", "\u0917", 

"_Shift", "\u0936", "\u0948", "\u0932", "`", 
"\u092c", ";", "", "", "", 
"[X]", "", "_Right", "\u091e", "\\", 

"\u0923", "_PgDn", "\u0919", "\u091d", "", 
"\u092e", "", "", "", "", 
"", "[X]", "", "\u0944", "\u0918", 

"\u0942", "\u0935", "_Down", "\u0933", "~", 
"\u092d", ":", "", "", "", 
"_Right", "", "[X]", "ABC", ""]},

"numbers":{

"map":[

"Pressed key = [X]. Three keypad colums: Left Center Right x 15",

 "1", "+", "2", "*", "3", 
"(", "_BS", ")", " ", "...", 
"4", "0", "5", "#", "6", 

"[X]", "", "", "", "", 
"\u2013", "_", "7", " ", "&", 
"_Up", "7", "-", "&", "?", 

"", "[X]", "", "", "", 
"", "_SYMB", "_Ins", "", "+", 
"%", "_PgUp", "=", "\\", "^", 

"", "", "[X]", "", "_Left", 
"", "\"", "", ":", "/", 
"'", "8", "_Shift", "@", ".", 

"", "", "", "[X]", "", 
"", "", "\u00a7", "", "*", 
"$", "/", "\u20ac", "_PgDn", "\u00a3", 

"", "", "_Left", "", "[X]", 
"", "", "<", ";", "(", 
"!", "9", ",", "\u00bd", "_Down", 

"[", "<", "{", "\u00ab", "\u00a7", 
"[X]", "_Fn", "_ShiftDown", "_Settings", "_Hide", 
"]", ">", "}", "\u00bb", "\u00b5", 

"_Call", "_Clear", "_Translate", "_Esc", "_Search", 
"_Shift", "[X]", "_Lang", "_abc123", "_Ctrl", 
"_Play", "_Del", "_Copy", "_Alt", "_Paste", 

"7", "_Ins", "{", "\u00a7", "<", 
"_Shift", "_abc123", "[X]", "_Repeat", "_User", 
"%", "~", "}", "\u00b5", ">", 

"_WLeft", "_SYMB", "_Tab", "_Left", "_Home", 
"_Keyboard", "_abc123", "_Up", "[X]", "_Down", 
"_WRight", "_Emoji", "_Enter", "_Right", "_End", 

"&", "+", "/", "*", "(", 
"$", "\u00a3", "\u20ac", ":", "[X]", 
"%", "=", "@", "#", ")", 

"_Up", "%", "'", "$", "!", 
"", "\"", "%", "", "%", 
"[X]", "", "", "", "", 

"7", "_PgUp", "8", "/", "9", 
"", "_Emoji", "", "", "=", 
"", "[X]", "", "", "", 

"-", "=", "_Shift", "\u20ac", ",", 
"", "_", "}", ";", "@", 
"", "", "[X]", "", "_Right", 

"\u00bd", "\\", "@", "_PgDn", "&", 
"\u00b5", "", "", "", "#", 
"", "", "", "[X]", "", 

"?", "^", ".", "\u00a3", "_Down", 
"", "~", ">", ":", ")", 
"", "", "_Right", "", "[X]", 

"123", ""]},

"symbols":{

"map":[

"Pressed key = [X]. Three keypad colums: Left Center Right x 15",

 "\u0967", "+", "\u0968", "*", "\u0969", 
"(", "_BS", ")", " ", "...", 
"\u096a", "\u0966", "\u096b", "#", "\u096c", 

"[X]", "", "", "", "", 
"\u2013", "-", "\u096d", " ", "&", 
"_Up", "\u096d", "\u00bb", "&", "~", 

"", "[X]", "", "", "", 
"", "_SYMB", "\u00b0", "", "+", 
"%", "_PgUp", "=", "\\", "^", 

"", "", "[X]", "", "_Left", 
"", "'", "", ".", "/", 
"\u00ab", "\u096e", "_Shift", "@", ":", 

"", "", "", "[X]", "", 
"", "", "\u00a7", "", "*", 
"$", "/", "\u20ac", "_PgDn", "\u00a3", 

"", "", "_Left", "", "[X]", 
"", "", "<", ",", "(", 
"|", "\u096f", ";", "\u00bd", "_Down", 

"[", "<", "{", "\u00ab", "(", 
"[X]", "_Fn", "_ShiftDown", "_Settings", "_Hide", 
"]", ">", "}", "\u00bb", ")", 

"_Record", "_Clear", "_Translate", "_Esc", "_Search", 
"_Shift", "[X]", "_Lang", "_abc123", "_Ctrl", 
"_Play", "_Del", "_Copy", "_Alt", "_Paste", 

"\u096d", "\u00b0", "{", "\u00a7", "<", 
"_Shift", "_abc123", "[X]", "_Repeat", "_User", 
"%", "~", "}", "\u00b5", ">", 

"_WLeft", "_SYMB", "_Tab", "_Left", "_Home", 
"_Keyboard", "_abc123", "_Up", "[X]", "_Down", 
"_WRight", "_Emoji", "_Enter", "_Right", "_End", 

"[", "<", "{", "\u00ab", "(", 
"\u00a4", "|", "", "", "[X]", 
"]", ">", "}", "\u00bb", ")", 

"_Up", "%", "\u00ab", "$", "|", 
"", "'", "%", "", "%", 
"[X]", "", "", "", "", 

"\u096d", "_PgUp", "\u096e", "/", "\u096f", 
"", "_Emoji", "", "", "=", 
"", "[X]", "", "", "", 

"\u00bb", "=", "_Shift", "\u20ac", ";", 
"", "-", "}", ",", "@", 
"", "", "[X]", "", "_Right", 

"\u00bd", "\\", "@", "_PgDn", "&", 
"\u00b5", "", "", "", "#", 
"", "", "", "[X]", "", 

"~", "^", ":", "\u00a3", "_Down", 
"", "~", ">", ".", ")", 
"", "", "_Right", "", "[X]", 

"#@", ""]},

"emojis":{

"map":[

"Pressed key = [X]. Three keypad colums: Left Center Right x 15",

 "\ud83c\udd97", "\u2665", "", "\ud83d\udc4d", "\ud83c\udfb9", 
"\ud83d\ude41", "_abc123", "\ud83d\ude42", "", "\ud83d\ude10", 
"\u260e", "\ud83c\udf82", "\u2708\ufe0f", "\ud83d\udc36", "\u26bd", 

"[X]", "", "", "", "", 
"", "", "", "", "", 
"", "", "", "", "", 

"\ud83c\udf29\ufe0f", "[X]", "\u2614", "\ud83c\udf39", "\ud83d\udc90", 
"\ud83d\udc83", "\ud83d\udd76", "\ud83c\udf02", "\ud83c\udf24\ufe0f", "\ud83d\udcab", 
"\ud83d\ude18", "\ud83d\udc8b", "\u2600\ufe0f\ufe0f", "\ud83d\udc8f", "\u2764\ufe0f", 

"", "", "[X]", "", "", 
"", "", "", "", "", 
"", "", "", "", "", 

"\ud83e\udd19", "\ud83d\udc46", "\ud83d\udc4c", "[X]", "\ud83d\udc4e", 
"\u261d\ufe0f", "\u270d\ufe0f", "\ud83d\udcaa", "\ud83d\udd90\ufe0f", "\ud83e\udd1d", 
"\ud83d\udc4c", "\ud83d\udc4f", "\u270c\ufe0f", "\u270b", "\ud83d\udc4b\ufe0f", 

"\ud83c\udf99", "\ud83c\udfa4", "\ud83c\udf9b", "\u2669", "[X]", 
"\u266a", "\ud83c\udfb6", "\u266b", "\ud83c\udfbc", "\u266c", 
"\ud83c\udfb8", "\ud83e\udd41", "\ud83c\udfb7", "\ud83c\udfba", "\ud83c\udfbb", 

"\ud83d\ude32", "\ud83d\ude35", "\ud83d\ude1f", "\ud83d\ude13", "\ud83d\ude16", 
"[X]", "_Fn", "_ShiftDown", "_Settings", "_Hide", 
"\ud83d\ude1e", "\ud83d\ude16", "\ud83d\ude22", "\ud83d\ude27", "\ud83d\ude20", 

"", "", "", "", "", 
"", "[X]", "", "", "", 
"", "", "", "", "", 

"\ud83d\ude0b", "\ud83d\ude0e", "\ud83d\ude09", "\ud83d\ude04", "\ud83d\ude00", 
"_Shift", "_abc123", "[X]", "_Repeat", "", 
"\ud83d\ude1b", "", "", "", "", 

"", "", "", "", "", 
"", "", "", "[X]", "", 
"", "", "", "", "", 

"1", "+", "4", "*", "7", 
"2", "_BS", "5", "0", "8", 
"3", "_Call", "6", "#", "9", 

"\ud83d\udc88", "\ud83c\udfa7", "\ud83d\udcfd\ufe0f", "\ud83d\udcf7", "\ud83d\udca1", 
"\ud83d\udcfa", "\ud83d\udcf1", "\ud83d\udcbb", "\ud83d\udcfb", "\ud83d\udce2", 
"[X]", "\ud83d\udcfe", "\ud83d\udda8", "\ud83d\udd26", "\ud83d\udd0b", 

"\ud83c\udf75", "\ud83c\udf7b", "\ud83c\udf77", "\ud83c\udf79", "\ud83c\udf78", 
"\ud83e\udd42", "\ud83c\udf7e", "\ud83c\udf7c", "\ud83c\udf7d\ufe0f", "\ud83c\udf68", 
"\ud83c\udf70", "[X]", "\ud83c\udf7f", "\ud83c\udf69", "\ud83e\udd5b", 

"\u26f4\ufe0f", "\ud83d\ude81", "\ud83d\ude8b", "\ud83d\ude82", "\ud83d\ude97", 
"\ud83d\ude8c", "\ud83d\udeb2", "\ud83d\ude9c", "\u26f5", "\ud83d\uddfa\ufe0f", 
"\ud83c\udfdd\ufe0f", "\ud83c\udfd6\ufe0f", "[X]", "\ud83d\uddfd", "\ud83c\udfd4\ufe0f", 

"\ud83d\udc31", "\ud83d\udc0e", "\ud83d\udc25", "\ud83d\udc2f", "\ud83d\udc1d", 
"\ud83d\udc27", "\ud83d\udc15",

 "\ud83d\udc22", "\ud83e\udd89", "\ud83d\udc0c", "\ud83d\udc08", "\ud83d\udc3c", 
"\ud83d\udc27", "[X]", "\ud83d\udc37", "\ud83d\udeb4", "\ud83c\udfc7", 
"\u26f7\ufe0f", "\ud83c\udfca", "\ud83c\udfcc\ufe0f", "\u26f8\ufe0f", "\ud83c\udfc3", 

"\ud83c\udfbf", "\ud83c\udfd2", "\ud83c\udfc6", "\ud83c\udfbe", "\u26be", 
"\ud83c\udfc8", "\ud83c\udfc0", "[X]", ":)", ""]}}

