{"metadata":{

"format":"10",
"iso6391":"el",
"name":"Greek",
"description":"\u03b5\u03bb\u03bb\u03b7\u03bd\u03b9\u03ba\u03ac",
"group":"Optimized",
"version":"5.1",
"author":"Seppo Tiainen",
"info":"  -  The ComboKey keymap for Greek  (from format 10 and version 5.0 up)  -  Last modified 2020-09-25 at 10:50",
"extra":[

"-",
"-",
"el",
"GR",
"Greece",
"\u0395\u03bb\u03bb\u03ac\u03b4\u03b1",
"-",
"-",
"-",
"-",
"-",
"-",
"-",
"-",
"-",
"-",
"-"]},

"lowercase":{

"map":[

"Pressed key = [X]. Clear from template = []. Three keypad colums: Left Center Right x 15",

 "\u03b1", "\u03bf", "\u03bc", "\u03c3", "\u03ba", 
"\u03c0", "_BS", "\u03b9", " ", "\u03bf\u03c5", 
"\u03b7", "\u03c4", "\u03b5", "\u03bd", "\u03c1", 

"[X]", "", "", "", "", 
"\u03d2", "_", "[1-8]", "\u02c6", "\u00a8", 
"_Up", "\u03c7", "-", "\u03b8", "?", 

"", "[X]", "", "", "", 
"[2-6]", "_SYMB", "[2-8]", "", "", 
"\u03b4", "_PgUp", "\u03c8", "\\", "\u03c6", 

"", "", "[X]", "", "_Left", 
"\u03c5", "\u00b4", "\u03bb", ":", "", 
"'", "\u03b3", "_Shift", "\u03c9", ".", 

"", "", "", "[X]", "", 
"[4-6]", "", "[4-8]", "", "", 
"\u03ac", "/", "\u03bf\u03c5", "_PgDn", "\u03b2", 

"", "", "_Left", "", "[X]", 
"\u03d1", "|", "\u03c5", ";", "", 
"!", "\u03bb", ",", "\u03c2", "_Down", 

"\u03d2", "[6-2]", "[6-3]", "[6-4]", "\u03d1", 
"[X]", "_Fn", "_ShiftDown", "_Settings", "_Hide", 
"\u03d1", "\u00b4", "\u03b5\u03b9", "\u00a8", "\u03d2", 

"_Record", "_Clear", "_Translate", "_Esc", "_Search", 
"_Shift", "[X]", "_Lang", "_abc123", "_Ctrl", 
"_Play", "_Del", "_Copy", "_Alt", "_Paste", 

"[8-1]", "[8-2]", "\u03bb", "[8-4]", "\u03c5", 
"_Shift", "_abc123", "[X]", "_Repeat", "_User", 
"\u03be", "\u03cc", "\u03c5", "\u00a7", "\u03b6", 

"_WLeft", "_SYMB", "_Tab", "_Left", "_Home", 
"_Keyboard", "_abc123", "_Up", "[X]", "_Down", 
"_WRight", "_Emoji", "_Enter", "_Right", "_End", 

"&", "+", "/", "*", "(", 
"$", "\u00a3", "\u20ac", ":", "[X]", 
"%", "=", "@", "#", ")", 

"_Up", "\u03b4", "'", "\u03ac", "!", 
"\u03d1", "\"", "\u03be", "\u02c7", "~", 
"[X]", "", "", "", "", 

"\u03c7", "_PgUp", "\u03b3", "/", "\u03bb", 
"\u00b4", "_Emoji", "\u03cc", "", "", 
"", "[X]", "", "", "", 

"-", "\u03c8", "_Shift", "\u03bf\u03c5", ",", 
"\u03b5\u03b9", "`", "\u03c5", ";", "", 
"", "", "[X]", "", "_Right", 

"\u03b8", "\\", "\u03c9", "_PgDn", "\u03c2", 
"\u00a8", "", "\u00a7", "", "", 
"", "", "", "[X]", "", 

"?", "\u03c6", ".", "\u03b2", "_Down", 
"\u03d2", "~", "\u03b6", ":", ".com", 
"", "", "_Right", "", "[X]", 

"abc", ""]},

"uppercase":{

"map":[

"Pressed key = [X]. ree keypad colums: Left Center Ri x 15",

 "\u0391", "\u039f", "\u039c", "\u03a3", "\u039a", 
"\u03a0", "_BS", "\u0399", " ", "\u039f\u03c5", 
"\u0397", "\u03a4", "\u0395", "\u039d", "\u03a1", 

"[X]", "", "", "", "", 
"\u03d2", "-", "[1-8]", "\u02c6", "\u00a8", 
"_Up", "\u03a7", "_", "\u0398", "~", 

"", "[X]", "", "", "", 
"[2-6]", "_SYMB", "[2-8]", "", "", 
"\u0394", "_PgUp", "\u03a8", "`", "\u03a6", 

"", "", "[X]", "", "_Left", 
"\u03a5", "\u00b4", "\u039b", ".", "", 
"\"", "\u0393", "_Shift", "\u03a9", ":", 

"", "", "", "[X]", "", 
"[4-6]", "", "[4-8]", "", "", 
"\u03ac", "\u00b4", "\u039f\u03c5", "_PgDn", "\u0392", 

"", "", "_Left", "", "[X]", 
"\u03d1", "|", "\u03a5", ",", "", 
"|", "\u039b", ";", "\u03c2", "_Down", 

"\u03d2", "[6-2]", "[6-3]", "[6-4]", "\u03d1", 
"[X]", "_Fn", "_ShiftDown", "_Settings", "_Hide", 
"\u03d1", "\u00b4", "\u0395\u03b9", "\u00a8", "\u03d2", 

"_Record", "_Clear", "_Translate", "_Esc", "_Search", 
"_Shift", "[X]", "_Lang", "_abc123", "_Ctrl", 
"_Play", "_Del", "_Copy", "_Alt", "_Paste", 

"[8-1]", "[8-2]", "\u039b", "[8-4]", "\u03a5", 
"_Shift", "_abc123", "[X]", "_Repeat", "_User", 
"\u039e", "\u03cc", "\u03a5", "\u00a7", "\u0396", 

"_WLeft", "_SYMB", "_Tab", "_Left", "_Home", 
"_Keyboard", "_abc123", "_Up", "[X]", "_Down", 
"_WRight", "_Emoji", "_Enter", "_Right", "_End", 

"&", "+", "/", "*", "(", 
"$", "\u00a3", "\u20ac", ":", "[X]", 
"%", "=", "@", "#", ")", 

"_Up", "\u0394", "\"", "\u03ac", "|", 
"\u03d1", "'", "\u039e", "\u02c7", "~", 
"[X]", "", "", "", "", 

"\u03a7", "_PgUp", "\u0393", "\u00b4", "\u039b", 
"\u00b4", "_Emoji", "\u03cc", "", "", 
"", "[X]", "", "", "", 

"_", "\u03a8", "_Shift", "\u039f\u03c5", ";", 
"\u0395\u03b9", "`", "\u03a5", ",", "", 
"", "", "[X]", "", "_Right", 

"\u0398", "`", "\u03a9", "_PgDn", "\u03c2", 
"\u00a8", "", "\u00a7", "", "", 
"", "", "", "[X]", "", 

"~", "\u03a6", ":", "\u0392", "_Down", 
"\u03d2", "~", "\u0396", ".", ".com", 
"", "", "_Right", "", "[X]", 

"Abc", ""]},

"capslock":{

"map":[

"Pressed key = [X]. Three keypad colums: Left Center Right x 15",

 "\u0391", "\u039f", "\u039c", "\u03a3", "\u039a", 
"\u03a0", "_BS", "\u0399", " ", "\u039f\u03a5", 
"\u0397", "\u03a4", "\u0395", "\u039d", "\u03a1", 

"[X]", "", "", "", "", 
"\u03d2", "_", "[1-8]", "\u02c6", "\u00a8", 
"_Up", "\u03a7", "-", "\u0398", "?", 

"", "[X]", "", "", "", 
"[2-6]", "_SYMB", "[2-8]", "", "", 
"\u0394", "_PgUp", "\u03a8", "\\", "\u03a6", 

"", "", "[X]", "", "_Left", 
"\u03a5", "\u00b4", "\u039b", ":", "", 
"'", "\u0393", "_Shift", "\u03a9", ".", 

"", "", "", "[X]", "", 
"[4-6]", "", "[4-8]", "", "", 
"\u03ac", "/", "\u039f\u03a5", "_PgDn", "\u0392", 

"", "", "_Left", "", "[X]", 
"\u03d1", "|", "\u03a5", ";", "", 
"!", "\u039b", ",", "\u03c2", "_Down", 

"\u03d2", "[6-2]", "[6-3]", "[6-4]", "\u03d1", 
"[X]", "_Fn", "_ShiftDown", "_Settings", "_Hide", 
"\u03d1", "\u00b4", "\u0395\u0399", "\u00a8", "\u03d2", 

"_Record", "_Clear", "_Translate", "_Esc", "_Search", 
"_Shift", "[X]", "_Lang", "_abc123", "_Ctrl", 
"_Play", "_Del", "_Copy", "_Alt", "_Paste", 

"[8-1]", "[8-2]", "\u039b", "[8-4]", "\u03a5", 
"_Shift", "_abc123", "[X]", "_Repeat", "_User", 
"\u039e", "\u03cc", "\u03a5", "\u00a7", "\u0396", 

"_WLeft", "_SYMB", "_Tab", "_Left", "_Home", 
"_Keyboard", "_abc123", "_Up", "[X]", "_Down", 
"_WRight", "_Emoji", "_Enter", "_Right", "_End", 

"&", "+", "/", "*", "(", 
"$", "\u00a3", "\u20ac", ":", "[X]", 
"%", "=", "@", "#", ")", 

"_Up", "\u0394", "'", "\u03ac", "!", 
"\u03d1", "\"", "\u039e", "\u02c7", "~", 
"[X]", "", "", "", "", 

"\u03a7", "_PgUp", "\u0393", "/", "\u039b", 
"\u00b4", "_Emoji", "\u03cc", "", "", 
"", "[X]", "", "", "", 

"-", "\u03a8", "_Shift", "\u039f\u03a5", ",", 
"\u0395\u0399", "`", "\u03a5", ";", "", 
"", "", "[X]", "", "_Right", 

"\u0398", "\\", "\u03a9", "_PgDn", "\u03c2", 
"\u00a8", "", "\u00a7", "", "", 
"", "", "", "[X]", "", 

"?", "\u03a6", ".", "\u0392", "_Down", 
"\u03d2", "~", "\u0396", ":", ".COM", 
"", "", "_Right", "", "[X]", 

"ABC", ""]},

"numbers":{

"map":[

"Pressed key = [X]. Three keypad colums: Left Center Right x 15",

 "1", "+", "4", "*", "7", 
"2", "_BS", "5", " ", "8", 
"3", "0", "6", "#", "9", 

"[X]", "", "", "", "", 
"\u2013", "_", "\u2030", " ", "&", 
"_Up", "\u2030", "-", "&", "?", 

"", "[X]", "", "", "", 
"", "_SYMB", "\u00b0", "", "+", 
"%", "_PgUp", "=", "\\", "^", 

"", "", "[X]", "", "_Left", 
"", "\"", "", ":", "/", 
"'", "\u00ae", "_Shift", "@", ".", 

"", "", "", "[X]", "", 
"", "", "\u00a7", "", "*", 
"$", "/", "\u20ac", "_PgDn", "\u00a3", 

"", "", "_Left", "", "[X]", 
"", "", "<", ";", "(", 
"!", "\u00a9", ",", "\u00bd", "_Down", 

"[", "<", "{", "\u00ab", "\u00a7", 
"[X]", "_Fn", "_ShiftDown", "_Settings", "_Hide", 
"]", ">", "}", "\u00bb", "\u00b5", 

"_Call", "_Clear", "_Translate", "_Esc", "_Search", 
"_Shift", "[X]", "_Lang", "_abc123", "_Ctrl", 
"_Play", "_Del", "_Copy", "_Alt", "_Paste", 

"\u2030", "\u00b0", "{", "\u00a7", "<", 
"_Shift", "_abc123", "[X]", "_Repeat", "_User", 
"%", "~", "}", "\u00b5", ">", 

"_WLeft", "_SYMB", "_Tab", "_Left", "_Home", 
"_Keyboard", "_abc123", "_Up", "[X]", "_Down", 
"_WRight", "_Emoji", "_Enter", "_Right", "_End", 

"&", "+", "/", "*", "(", 
"$", "\u00a3", "\u20ac", ":", "[X]", 
"%", "=", "@", "#", ")", 

"_Up", "%", "'", "$", "!", 
"", "\"", "%", "", "%", 
"[X]", "", "", "", "", 

"\u2030", "_PgUp", "\u00ae", "/", "\u00a9", 
"", "_Emoji", "", "", "=", 
"", "[X]", "", "", "", 

"-", "=", "_Shift", "\u20ac", ",", 
"", "_", "}", ";", "@", 
"", "", "[X]", "", "_Right", 

"&", "\\", "@", "_PgDn", "\u00bd", 
"\u00b5", "", "", "", "#", 
"", "", "", "[X]", "", 

"?", "^", ".", "\u00a3", "_Down", 
"", "~", ">", ":", ")", 
"", "", "_Right", "", "[X]", 

"123", ""]},

"symbols":{

"map":[

"Pressed key = [X]. Three keypad colums: Left Center Right x 15",

 "1", "+", "4", "*", "7", 
"2", "_BS", "5", " ", "8", 
"3", "0", "6", "#", "9", 

"[X]", "", "", "", "", 
"\u2013", "-", "\u2030", " ", "&", 
"_Up", "\u2030", "\u00bb", "&", "~", 

"", "[X]", "", "", "", 
"", "_SYMB", "\u00b0", "", "+", 
"%", "_PgUp", "=", "\\", "^", 

"", "", "[X]", "", "_Left", 
"", "'", "", ".", "/", 
"\u00ab", "\u00ae", "_Shift", "@", ":", 

"", "", "", "[X]", "", 
"", "", "\u00a7", "", "*", 
"$", "/", "\u20ac", "_PgDn", "\u00a3", 

"", "", "_Left", "", "[X]", 
"", "", "<", ",", "(", 
"|", "\u00a9", ";", "\u00bd", "_Down", 

"[", "<", "{", "\u00ab", "(", 
"[X]", "_Fn", "_ShiftDown", "_Settings", "_Hide", 
"]", ">", "}", "\u00bb", ")", 

"_Record", "_Clear", "_Translate", "_Esc", "_Search", 
"_Shift", "[X]", "_Lang", "_abc123", "_Ctrl", 
"_Play", "_Del", "_Copy", "_Alt", "_Paste", 

"\u2030", "\u00b0", "{", "\u00a7", "<", 
"_Shift", "_abc123", "[X]", "_Repeat", "_User", 
"%", "~", "}", "\u00b5", ">", 

"_WLeft", "_SYMB", "_Tab", "_Left", "_Home", 
"_Keyboard", "_abc123", "_Up", "[X]", "_Down", 
"_WRight", "_Emoji", "_Enter", "_Right", "_End", 

"[", "<", "{", "\u00ab", "(", 
"\u00a4", "|", "", "", "[X]", 
"]", ">", "}", "\u00bb", ")", 

"_Up", "%", "\u00ab", "$", "|", 
"", "'", "%", "", "%", 
"[X]", "", "", "", "", 

"\u2030", "_PgUp", "\u00ae", "/", "\u00a9", 
"", "_Emoji", "", "", "=", 
"", "[X]", "", "", "", 

"\u00bb", "=", "_Shift", "\u20ac", ";", 
"", "-", "}", ",", "@", 
"", "", "[X]", "", "_Right", 

"&", "\\", "@", "_PgDn", "\u00bd", 
"\u00b5", "", "", "", "#", 
"", "", "", "[X]", "", 

"~", "^", ":", "\u00a3", "_Down", 
"", "~", ">", ".", ")", 
"", "", "_Right", "", "[X]", 

"#@", ""]},

"emojis":{

"map":[

"Pressed key = [X]. Three keypad colums: Left Center Right x 15",

 "\ud83c\udd97", "\u2665", "", "\ud83d\udc4d", "\ud83c\udfb9", 
"\ud83d\ude41", "_abc123", "\ud83d\ude42", "", "\ud83d\ude10", 
"\u260e", "\ud83c\udf82", "\u2708\ufe0f", "\ud83d\udc36", "\u26bd", 

"[X]", "", "", "", "", 
"", "", "", "", "", 
"", "", "", "", "", 

"\ud83c\udf29\ufe0f", "[X]", "\u2614", "\ud83c\udf39", "\ud83d\udc90", 
"\ud83d\udc83", "\ud83d\udd76", "\ud83c\udf02", "\ud83c\udf24\ufe0f", "\ud83d\udcab", 
"\ud83d\ude18", "\ud83d\udc8b", "\u2600\ufe0f\ufe0f", "\ud83d\udc8f", "\u2764\ufe0f", 

"", "", "[X]", "", "", 
"", "", "", "", "", 
"", "", "", "", "", 

"\ud83e\udd19", "\ud83d\udc46", "\ud83d\udc4c", "[X]", "\ud83d\udc4e", 
"\u261d\ufe0f", "\u270d\ufe0f", "\ud83d\udcaa", "\ud83d\udd90\ufe0f", "\ud83e\udd1d", 
"\ud83d\udc4c", "\ud83d\udc4f", "\u270c\ufe0f", "\u270b", "\ud83d\udc4b\ufe0f", 

"\ud83c\udf99", "\ud83c\udfa4", "\ud83c\udf9b", "\u2669", "[X]", 
"\u266a", "\ud83c\udfb6", "\u266b", "\ud83c\udfbc", "\u266c", 
"\ud83c\udfb8", "\ud83e\udd41", "\ud83c\udfb7", "\ud83c\udfba", "\ud83c\udfbb", 

"\ud83d\ude32", "\ud83d\ude35", "\ud83d\ude1f", "\ud83d\ude13", "\ud83d\ude16", 
"[X]", "_Fn", "_ShiftDown", "_Settings", "_Hide", 
"\ud83d\ude1e", "\ud83d\ude16", "\ud83d\ude22", "\ud83d\ude27", "\ud83d\ude20", 

"", "", "", "", "", 
"", "[X]", "", "", "", 
"", "", "", "", "", 

"\ud83d\ude0b", "\ud83d\ude0e", "\ud83d\ude09", "\ud83d\ude04", "\ud83d\ude00", 
"_Shift", "_abc123", "[X]", "_Repeat", "", 
"\ud83d\ude1b", "", "", "", "", 

"", "", "", "", "", 
"", "", "", "[X]", "", 
"", "", "", "", "", 

"\ud83c\uddec\ud83c\uddf7", "\ud83d\ude48", "\ud83d\udcd6", "\u2764\ufe0f", "\ud83d\ude0a", 
"\ud83d\ude98", "\ud83d\ude4a", "\ud83d\udcb5", "\ud83e\udd14", "...", 
"\u26f1\ufe0f", "\ud83d\ude49", "\ud83d\udc8e", "\ud83d\udd2c", "\ud83d\ude0d", 

"\ud83d\udc88", "\ud83c\udfa7", "\ud83d\udcfd\ufe0f", "\ud83d\udcf7", "\ud83d\udca1", 
"\ud83d\udcfa", "\ud83d\udcf1", "\ud83d\udcbb", "\ud83d\udcfb", "\ud83d\udce2", 
"[X]", "\ud83d\udcfe", "\ud83d\udda8", "\ud83d\udd26", "\ud83d\udd0b", 

"\ud83c\udf75", "\ud83c\udf7b", "\ud83c\udf77", "\ud83c\udf79", "\ud83c\udf78", 
"\ud83e\udd42", "\ud83c\udf7e", "\ud83c\udf7c", "\ud83c\udf7d\ufe0f", "\ud83c\udf68", 
"\ud83c\udf70", "[X]", "\ud83c\udf7f", "\ud83c\udf69", "\ud83e\udd5b", 

"\u26f4\ufe0f", "\ud83d\ude81", "\ud83d\ude8b", "\ud83d\ude82", "\ud83d\ude97", 
"\ud83d\ude8c", "\ud83d\udeb2", "\ud83d\ude9c", "\u26f5", "\ud83d\uddfa\ufe0f", 
"\ud83c\udfdd\ufe0f", "\ud83c\udfd6\ufe0f", "[X]", "\ud83d\uddfd", "\ud83c\udfd4\ufe0f", 

"\ud83d\udc31", "\ud83d\udc0e", "\ud83d\udc25", "\ud83d\udc2f", "\ud83d\udc1d", 
"\ud83d\udc27", "\ud83d\udc15",

 "\ud83d\udc22", "\ud83e\udd89", "\ud83d\udc0c", "\ud83d\udc08", "\ud83d\udc3c", 
"\ud83d\udc27", "[X]", "\ud83d\udc37", "\ud83d\udeb4", "\ud83c\udfc7", 
"\u26f7\ufe0f", "\ud83c\udfca", "\ud83c\udfcc\ufe0f", "\u26f8\ufe0f", "\ud83c\udfc3", 

"\ud83c\udfbf", "\ud83c\udfd2", "\ud83c\udfc6", "\ud83c\udfbe", "\u26be", 
"\ud83c\udfc8", "\ud83c\udfc0", "[X]", ":)", ""]}}

