{
    "metadata": {
    	"format":"1.0",
        "name":"Cloudy",
        "description":"Cloudy",
	"version":"1.1",
	"date":"2017-01-17",
	"author":"Seppo Tiainen",
        "info":"Neutral theme"
    },
    "buttonimage": {
        "mainbutton":"mainButtonCelo.png",
        "middlebutton":"middleButtonCelo.png",
        "centerbutton":"centerButtonCelo.png",
        "leftbarbutton":"middleButtonCelo.png",
        "rightbarbutton":"middleButtonCelo.png",
        "smallbutton":"smallButton.png"
    },
    "textarea": {
	"backgroundcolor":"#000000",
        "foregroundcolor":"white",
	"backgroundimage":"backgroundimage.png",
	"imageopacity": 0.25
    }	
}
