{
    "metadata": {
        "format":"1.2",
        "name":"Oak",
        "description":"Oak",
        "version":"1.1",
        "date":"2017-03-01",
        "author":"Seppo Tiainen",
        "info":"Oak theme with wooden buttons and black background. Includes all elements."
    },
    "buttonimage": {
        "mainbutton":"mainButtonOak.png",
        "middlebutton":"middleButtonOak.png",
        "centerbutton":"middleButtonOak.png",
        "leftbarbutton":"middleButtonOak.png",
        "rightbarbutton":"middleButtonOak.png",
        "smallbutton":"smallButtonBlank.png"
    },
    "buttontext": {
        "mainbuttonforeground":"#ff0000",
        "middlebuttonforeground":"#dddddd",
        "smallbuttonforeground":"#dddddd",
        "mainbuttonhelpforeground": "#880000",
        "middlebuttonhelpforeground": "#666666"
    },
    "textarea": {
        "backgroundcolor":"#000000",
        "foregroundcolor":"white",
        "backgroundimage":"backgroundimageOak.png",
        "imageopacity": 0.2
    },
    "padarea": {
        "backgroundcolorleft":"#000000",
        "backgroundcolorright":"#000000"
    }
}
