{
    "metadata": {
    	"format":"1.1",
        "name":"Spots",
        "description":"Spots",
	"version":"1.0",
	"date":"2020-03-20",
	"author":"Seppo Tiainen",
        "info":"A theme with round gray main buttons"
    },
    "buttonimage": {
        "mainbutton":"mainButtonBlank.png",
        "middlebutton":"buttonBlack.png",
        "centerbutton":"buttonBlack.png",
        "leftbarbutton":"buttonBlack.png",
        "rightbarbutton":"buttonBlack.png",
        "smallbutton":"smallButtonBlank.png"
    },
    "buttontext": {
        "mainbuttonforeground":"#000000",
        "middlebuttonforeground":"#cccccc",
        "smallbuttonforeground":"#cccccc",
	"mainbuttonhelpforeground": "#999999",
	"middlebuttonhelpforeground": "#666666"
    },
    "textarea": {
	"backgroundcolor":"#000000",
        "foregroundcolor":"white",
	"backgroundimage":"backgroundimage.png",
	"imageopacity": 0.2
    }	
}
